2026-09-07 22:11:56.885 [restartedMain] INFO  c.s.s.SpringAluraApplication -
                Starting SpringAluraApplication using Java 17.0.20 with PID 10824 (D:\Projetos\springAlura\target\classes started by Javan in D:\Projetos\springAlura)
2026-09-07 22:11:56.891 [restartedMain] DEBUG c.s.s.SpringAluraApplication -
                Running with Spring Boot v3.3.3, Spring v6.1.12
2026-09-07 22:11:56.891 [restartedMain] INFO  c.s.s.SpringAluraApplication -
                No active profile set, falling back to 1 default profile: "default"
2026-09-07 22:11:56.940 [restartedMain] INFO  o.s.b.d.e.DevToolsPropertyDefaultsPostProcessor -
                Devtools property defaults active! Set 'spring.devtools.add-properties' to 'false' to disable
2026-09-07 22:11:56.941 [restartedMain] INFO  o.s.b.d.e.DevToolsPropertyDefaultsPostProcessor -
                For additional web related logging consider setting the 'logging.level.web' property to 'DEBUG'
2026-09-07 22:11:57.696 [restartedMain] INFO  o.s.d.r.c.RepositoryConfigurationDelegate -
                Bootstrapping Spring Data JPA repositories in DEFAULT mode.
2026-09-07 22:11:57.753 [restartedMain] INFO  o.s.d.r.c.RepositoryConfigurationDelegate -
                Finished Spring Data repository scanning in 51 ms. Found 5 JPA repository interfaces.
2026-09-07 22:11:58.329 [restartedMain] INFO  o.s.b.w.e.tomcat.TomcatWebServer -
                Tomcat initialized with port 8080 (http)
2026-09-07 22:11:58.341 [restartedMain] INFO  o.a.catalina.core.StandardService -
                Starting service [Tomcat]
2026-09-07 22:11:58.342 [restartedMain] INFO  o.a.catalina.core.StandardEngine -
                Starting Servlet engine: [Apache Tomcat/10.1.28]
2026-09-07 22:11:58.389 [restartedMain] INFO  o.a.c.c.C.[Tomcat].[localhost].[/] -
                Initializing Spring embedded WebApplicationContext
2026-09-07 22:11:58.390 [restartedMain] INFO  o.s.b.w.s.c.ServletWebServerApplicationContext -
                Root WebApplicationContext: initialization completed in 1448 ms
2026-09-07 22:11:58.510 [restartedMain] INFO  o.h.jpa.internal.util.LogHelper -
                HHH000204: Processing PersistenceUnitInfo [name: default]
2026-09-07 22:11:58.586 [restartedMain] INFO  org.hibernate.Version -
                HHH000412: Hibernate ORM core version 6.5.2.Final
2026-09-07 22:11:58.620 [restartedMain] INFO  o.h.c.i.RegionFactoryInitiator -
                HHH000026: Second-level cache disabled
2026-09-07 22:11:58.699 [restartedMain] INFO  o.h.e.b.internal.EnversServiceImpl -
                Envers integration enabled? : true
2026-09-07 22:11:58.885 [restartedMain] INFO  o.s.o.j.p.SpringPersistenceUnitInfo -
                No LoadTimeWeaver setup: ignoring JPA class transformer
2026-09-07 22:11:58.911 [restartedMain] INFO  com.zaxxer.hikari.HikariDataSource -
                HikariPool-1 - Starting...
2026-09-07 22:11:59.162 [restartedMain] INFO  com.zaxxer.hikari.pool.HikariPool -
                HikariPool-1 - Added connection org.postgresql.jdbc.PgConnection@d03bbc2
2026-09-07 22:11:59.163 [restartedMain] INFO  com.zaxxer.hikari.HikariDataSource -
                HikariPool-1 - Start completed.
2026-09-07 22:11:59.234 [restartedMain] WARN  org.hibernate.orm.deprecation -
                HHH90000025: PostgreSQLDialect does not need to be specified explicitly using 'hibernate.dialect' (remove the property setting and it will be selected by default)
2026-09-07 22:11:59.516 [restartedMain] INFO  o.h.e.c.i.m.AuditMetadataGenerator -
                Adding properties for entity: com.springAlura.springAlura.domain.model.Plataforma
2026-09-07 22:11:59.518 [restartedMain] INFO  o.h.e.c.i.m.AuditMetadataGenerator -
                Adding properties for entity: com.springAlura.springAlura.domain.model.Categoria
2026-09-07 22:11:59.518 [restartedMain] INFO  o.h.e.c.i.m.AuditMetadataGenerator -
                Adding properties for entity: com.springAlura.springAlura.domain.model.Usuario
2026-09-07 22:11:59.518 [restartedMain] INFO  o.h.e.c.i.m.AuditMetadataGenerator -
                Adding properties for entity: com.springAlura.springAlura.domain.model.Serie
2026-09-07 22:11:59.519 [restartedMain] INFO  o.h.e.c.i.m.AuditMetadataGenerator -
                Adding properties for entity: com.springAlura.springAlura.domain.model.Streaming
2026-09-07 22:12:00.384 [restartedMain] INFO  o.h.e.t.j.p.i.JtaPlatformInitiator -
                HHH000489: No JTA platform available (set 'hibernate.transaction.jta.platform' to enable JTA platform integration)
2026-09-07 22:12:00.597 [restartedMain] INFO  o.s.o.j.LocalContainerEntityManagerFactoryBean -
                Initialized JPA EntityManagerFactory for persistence unit 'default'
2026-09-07 22:12:00.855 [restartedMain] INFO  o.s.s.c.a.a.c.InitializeUserDetailsBeanManagerConfigurer$InitializeUserDetailsManagerConfigurer -
                Global AuthenticationManager configured with UserDetailsService bean with name authConfig
2026-09-07 22:12:00.918 [restartedMain] INFO  o.s.d.j.r.query.QueryEnhancerFactory -
                Hibernate is in classpath; If applicable, HQL parser will be used.
2026-09-07 22:12:01.233 [restartedMain] WARN  o.s.b.a.o.j.JpaBaseConfiguration$JpaWebConfiguration -
                spring.jpa.open-in-view is enabled by default. Therefore, database queries may be performed during view rendering. Explicitly configure spring.jpa.open-in-view to disable this warning
2026-09-07 22:12:01.631 [restartedMain] INFO  o.s.b.d.a.OptionalLiveReloadServer -
                LiveReload server is running on port 35729
2026-09-07 22:12:01.663 [restartedMain] INFO  o.s.b.w.e.tomcat.TomcatWebServer -
                Tomcat started on port 8080 (http) with context path '/'
2026-09-07 22:12:01.671 [restartedMain] INFO  c.s.s.SpringAluraApplication -
                Started SpringAluraApplication in 5.258 seconds (process running for 5.809)
2026-09-07 22:12:07.355 [http-nio-8080-exec-1] INFO  o.a.c.c.C.[Tomcat].[localhost].[/] -
                Initializing Spring DispatcherServlet 'dispatcherServlet'
2026-09-07 22:12:07.356 [http-nio-8080-exec-1] INFO  o.s.web.servlet.DispatcherServlet -
                Initializing Servlet 'dispatcherServlet'
2026-09-07 22:12:07.357 [http-nio-8080-exec-1] INFO  o.s.web.servlet.DispatcherServlet -
                Completed initialization in 1 ms
2026-09-07 22:16:02.449 [SpringApplicationShutdownHook] INFO  o.s.o.j.LocalContainerEntityManagerFactoryBean -
                Closing JPA EntityManagerFactory for persistence unit 'default'
2026-09-07 22:16:02.452 [SpringApplicationShutdownHook] INFO  com.zaxxer.hikari.HikariDataSource -
                HikariPool-1 - Shutdown initiated...
2026-09-07 22:16:02.456 [SpringApplicationShutdownHook] INFO  com.zaxxer.hikari.HikariDataSource -
                HikariPool-1 - Shutdown completed.
2026-09-07 22:16:05.633 [restartedMain] INFO  c.s.s.SpringAluraApplication -
                Starting SpringAluraApplication using Java 17.0.20 with PID 1048 (D:\Projetos\springAlura\target\classes started by Javan in D:\Projetos\springAlura)
2026-09-07 22:16:05.634 [restartedMain] DEBUG c.s.s.SpringAluraApplication -
                Running with Spring Boot v3.3.3, Spring v6.1.12
2026-09-07 22:16:05.635 [restartedMain] INFO  c.s.s.SpringAluraApplication -
                No active profile set, falling back to 1 default profile: "default"
2026-09-07 22:16:05.668 [restartedMain] INFO  o.s.b.d.e.DevToolsPropertyDefaultsPostProcessor -
                Devtools property defaults active! Set 'spring.devtools.add-properties' to 'false' to disable
2026-09-07 22:16:05.669 [restartedMain] INFO  o.s.b.d.e.DevToolsPropertyDefaultsPostProcessor -
                For additional web related logging consider setting the 'logging.level.web' property to 'DEBUG'
2026-09-07 22:16:06.341 [restartedMain] INFO  o.s.d.r.c.RepositoryConfigurationDelegate -
                Bootstrapping Spring Data JPA repositories in DEFAULT mode.
2026-09-07 22:16:06.391 [restartedMain] INFO  o.s.d.r.c.RepositoryConfigurationDelegate -
                Finished Spring Data repository scanning in 44 ms. Found 5 JPA repository interfaces.
2026-09-07 22:16:06.895 [restartedMain] INFO  o.s.b.w.e.tomcat.TomcatWebServer -
                Tomcat initialized with port 8080 (http)
2026-09-07 22:16:06.906 [restartedMain] INFO  o.a.catalina.core.StandardService -
                Starting service [Tomcat]
2026-09-07 22:16:06.907 [restartedMain] INFO  o.a.catalina.core.StandardEngine -
                Starting Servlet engine: [Apache Tomcat/10.1.28]
2026-09-07 22:16:06.950 [restartedMain] INFO  o.a.c.c.C.[Tomcat].[localhost].[/] -
                Initializing Spring embedded WebApplicationContext
2026-09-07 22:16:06.951 [restartedMain] INFO  o.s.b.w.s.c.ServletWebServerApplicationContext -
                Root WebApplicationContext: initialization completed in 1282 ms
2026-09-07 22:16:07.054 [restartedMain] INFO  o.h.jpa.internal.util.LogHelper -
                HHH000204: Processing PersistenceUnitInfo [name: default]
2026-09-07 22:16:07.107 [restartedMain] INFO  org.hibernate.Version -
                HHH000412: Hibernate ORM core version 6.5.2.Final
2026-09-07 22:16:07.137 [restartedMain] INFO  o.h.c.i.RegionFactoryInitiator -
                HHH000026: Second-level cache disabled
2026-09-07 22:16:07.207 [restartedMain] INFO  o.h.e.b.internal.EnversServiceImpl -
                Envers integration enabled? : true
2026-09-07 22:16:07.369 [restartedMain] INFO  o.s.o.j.p.SpringPersistenceUnitInfo -
                No LoadTimeWeaver setup: ignoring JPA class transformer
2026-09-07 22:16:07.391 [restartedMain] INFO  com.zaxxer.hikari.HikariDataSource -
                HikariPool-1 - Starting...
2026-09-07 22:16:07.521 [restartedMain] INFO  com.zaxxer.hikari.pool.HikariPool -
                HikariPool-1 - Added connection org.postgresql.jdbc.PgConnection@6c75f4d5
2026-09-07 22:16:07.522 [restartedMain] INFO  com.zaxxer.hikari.HikariDataSource -
                HikariPool-1 - Start completed.
2026-09-07 22:16:07.550 [restartedMain] WARN  org.hibernate.orm.deprecation -
                HHH90000025: PostgreSQLDialect does not need to be specified explicitly using 'hibernate.dialect' (remove the property setting and it will be selected by default)
2026-09-07 22:16:07.774 [restartedMain] INFO  o.h.e.c.i.m.AuditMetadataGenerator -
                Adding properties for entity: com.springAlura.springAlura.domain.model.Plataforma
2026-09-07 22:16:07.776 [restartedMain] INFO  o.h.e.c.i.m.AuditMetadataGenerator -
                Adding properties for entity: com.springAlura.springAlura.domain.model.Categoria
2026-09-07 22:16:07.777 [restartedMain] INFO  o.h.e.c.i.m.AuditMetadataGenerator -
                Adding properties for entity: com.springAlura.springAlura.domain.model.Usuario
2026-09-07 22:16:07.777 [restartedMain] INFO  o.h.e.c.i.m.AuditMetadataGenerator -
                Adding properties for entity: com.springAlura.springAlura.domain.model.Serie
2026-09-07 22:16:07.777 [restartedMain] INFO  o.h.e.c.i.m.AuditMetadataGenerator -
                Adding properties for entity: com.springAlura.springAlura.domain.model.Streaming
2026-09-07 22:16:08.511 [restartedMain] INFO  o.h.e.t.j.p.i.JtaPlatformInitiator -
                HHH000489: No JTA platform available (set 'hibernate.transaction.jta.platform' to enable JTA platform integration)
2026-09-07 22:16:08.666 [restartedMain] INFO  o.s.o.j.LocalContainerEntityManagerFactoryBean -
                Initialized JPA EntityManagerFactory for persistence unit 'default'
2026-09-07 22:16:08.925 [restartedMain] INFO  o.s.s.c.a.a.c.InitializeUserDetailsBeanManagerConfigurer$InitializeUserDetailsManagerConfigurer -
                Global AuthenticationManager configured with UserDetailsService bean with name authConfig
2026-09-07 22:16:09.014 [restartedMain] INFO  o.s.d.j.r.query.QueryEnhancerFactory -
                Hibernate is in classpath; If applicable, HQL parser will be used.
2026-09-07 22:16:09.291 [restartedMain] WARN  o.s.b.a.o.j.JpaBaseConfiguration$JpaWebConfiguration -
                spring.jpa.open-in-view is enabled by default. Therefore, database queries may be performed during view rendering. Explicitly configure spring.jpa.open-in-view to disable this warning
2026-09-07 22:16:09.655 [restartedMain] INFO  o.s.b.d.a.OptionalLiveReloadServer -
                LiveReload server is running on port 35729
2026-09-07 22:16:09.682 [restartedMain] INFO  o.s.b.w.e.tomcat.TomcatWebServer -
                Tomcat started on port 8080 (http) with context path '/'
2026-09-07 22:16:09.689 [restartedMain] INFO  c.s.s.SpringAluraApplication -
                Started SpringAluraApplication in 4.447 seconds (process running for 4.834)
2026-09-07 22:17:14.792 [http-nio-8080-exec-2] INFO  o.a.c.c.C.[Tomcat].[localhost].[/] -
                Initializing Spring DispatcherServlet 'dispatcherServlet'
2026-09-07 22:17:14.792 [http-nio-8080-exec-2] INFO  o.s.web.servlet.DispatcherServlet -
                Initializing Servlet 'dispatcherServlet'
2026-09-07 22:17:14.792 [http-nio-8080-exec-2] INFO  o.s.web.servlet.DispatcherServlet -
                Completed initialization in 0 ms
2026-09-07 22:20:21.087 [http-nio-8080-exec-8] WARN  c.s.s.a.e.GlobalExcepitionHandler -
                Falha de validação na requisição. Campos incorretos: [senha]
2026-09-07 22:20:21.104 [http-nio-8080-exec-8] WARN  o.s.w.s.m.m.a.ExceptionHandlerExceptionResolver -
                Resolved [org.springframework.web.bind.MethodArgumentNotValidException: Validation failed for argument [0] in public com.springAlura.springAlura.api.dto2.LoginResponseDto com.springAlura.springAlura.api.controller.AuthController.login(com.springAlura.springAlura.api.dto2.UsuarioLoginRequest): [Field error in object 'usuarioLoginRequest' on field 'senha': rejected value [null]; codes [NotNull.usuarioLoginRequest.senha,NotNull.senha,NotNull.java.lang.String,NotNull]; arguments [org.springframework.context.support.DefaultMessageSourceResolvable: codes [usuarioLoginRequest.senha,senha]; arguments []; default message [senha]]; default message [não deve ser nulo]] ]
2026-09-07 22:22:08.334 [SpringApplicationShutdownHook] INFO  o.s.o.j.LocalContainerEntityManagerFactoryBean -
                Closing JPA EntityManagerFactory for persistence unit 'default'
2026-09-07 22:22:08.337 [SpringApplicationShutdownHook] INFO  com.zaxxer.hikari.HikariDataSource -
                HikariPool-1 - Shutdown initiated...
2026-09-07 22:22:08.340 [SpringApplicationShutdownHook] INFO  com.zaxxer.hikari.HikariDataSource -
                HikariPool-1 - Shutdown completed.
2026-09-07 22:22:42.049 [restartedMain] INFO  c.s.s.SpringAluraApplication -
                Starting SpringAluraApplication using Java 17.0.20 with PID 12916 (D:\Projetos\springAlura\target\classes started by Javan in D:\Projetos\springAlura)
2026-09-07 22:22:42.050 [restartedMain] DEBUG c.s.s.SpringAluraApplication -
                Running with Spring Boot v3.3.3, Spring v6.1.12
2026-09-07 22:22:42.050 [restartedMain] INFO  c.s.s.SpringAluraApplication -
                No active profile set, falling back to 1 default profile: "default"
2026-09-07 22:22:42.085 [restartedMain] INFO  o.s.b.d.e.DevToolsPropertyDefaultsPostProcessor -
                Devtools property defaults active! Set 'spring.devtools.add-properties' to 'false' to disable
2026-09-07 22:22:42.086 [restartedMain] INFO  o.s.b.d.e.DevToolsPropertyDefaultsPostProcessor -
                For additional web related logging consider setting the 'logging.level.web' property to 'DEBUG'
2026-09-07 22:22:42.780 [restartedMain] INFO  o.s.d.r.c.RepositoryConfigurationDelegate -
                Bootstrapping Spring Data JPA repositories in DEFAULT mode.
2026-09-07 22:22:42.834 [restartedMain] INFO  o.s.d.r.c.RepositoryConfigurationDelegate -
                Finished Spring Data repository scanning in 47 ms. Found 5 JPA repository interfaces.
2026-09-07 22:22:43.395 [restartedMain] INFO  o.s.b.w.e.tomcat.TomcatWebServer -
                Tomcat initialized with port 8080 (http)
2026-09-07 22:22:43.405 [restartedMain] INFO  o.a.catalina.core.StandardService -
                Starting service [Tomcat]
2026-09-07 22:22:43.405 [restartedMain] INFO  o.a.catalina.core.StandardEngine -
                Starting Servlet engine: [Apache Tomcat/10.1.28]
2026-09-07 22:22:43.451 [restartedMain] INFO  o.a.c.c.C.[Tomcat].[localhost].[/] -
                Initializing Spring embedded WebApplicationContext
2026-09-07 22:22:43.451 [restartedMain] INFO  o.s.b.w.s.c.ServletWebServerApplicationContext -
                Root WebApplicationContext: initialization completed in 1365 ms
2026-09-07 22:22:43.556 [restartedMain] INFO  o.h.jpa.internal.util.LogHelper -
                HHH000204: Processing PersistenceUnitInfo [name: default]
2026-09-07 22:22:43.612 [restartedMain] INFO  org.hibernate.Version -
                HHH000412: Hibernate ORM core version 6.5.2.Final
2026-09-07 22:22:43.649 [restartedMain] INFO  o.h.c.i.RegionFactoryInitiator -
                HHH000026: Second-level cache disabled
2026-09-07 22:22:43.723 [restartedMain] INFO  o.h.e.b.internal.EnversServiceImpl -
                Envers integration enabled? : true
2026-09-07 22:22:43.889 [restartedMain] INFO  o.s.o.j.p.SpringPersistenceUnitInfo -
                No LoadTimeWeaver setup: ignoring JPA class transformer
2026-09-07 22:22:43.909 [restartedMain] INFO  com.zaxxer.hikari.HikariDataSource -
                HikariPool-1 - Starting...
2026-09-07 22:22:44.043 [restartedMain] INFO  com.zaxxer.hikari.pool.HikariPool -
                HikariPool-1 - Added connection org.postgresql.jdbc.PgConnection@5fff9914
2026-09-07 22:22:44.044 [restartedMain] INFO  com.zaxxer.hikari.HikariDataSource -
                HikariPool-1 - Start completed.
2026-09-07 22:22:44.071 [restartedMain] WARN  org.hibernate.orm.deprecation -
                HHH90000025: PostgreSQLDialect does not need to be specified explicitly using 'hibernate.dialect' (remove the property setting and it will be selected by default)
2026-09-07 22:22:44.307 [restartedMain] INFO  o.h.e.c.i.m.AuditMetadataGenerator -
                Adding properties for entity: com.springAlura.springAlura.domain.model.Plataforma
2026-09-07 22:22:44.309 [restartedMain] INFO  o.h.e.c.i.m.AuditMetadataGenerator -
                Adding properties for entity: com.springAlura.springAlura.domain.model.Categoria
2026-09-07 22:22:44.309 [restartedMain] INFO  o.h.e.c.i.m.AuditMetadataGenerator -
                Adding properties for entity: com.springAlura.springAlura.domain.model.Usuario
2026-09-07 22:22:44.309 [restartedMain] INFO  o.h.e.c.i.m.AuditMetadataGenerator -
                Adding properties for entity: com.springAlura.springAlura.domain.model.Serie
2026-09-07 22:22:44.310 [restartedMain] INFO  o.h.e.c.i.m.AuditMetadataGenerator -
                Adding properties for entity: com.springAlura.springAlura.domain.model.Streaming
2026-09-07 22:22:45.042 [restartedMain] INFO  o.h.e.t.j.p.i.JtaPlatformInitiator -
                HHH000489: No JTA platform available (set 'hibernate.transaction.jta.platform' to enable JTA platform integration)
2026-09-07 22:22:45.187 [restartedMain] INFO  o.s.o.j.LocalContainerEntityManagerFactoryBean -
                Initialized JPA EntityManagerFactory for persistence unit 'default'
2026-09-07 22:22:45.440 [restartedMain] INFO  o.s.s.c.a.a.c.InitializeUserDetailsBeanManagerConfigurer$InitializeUserDetailsManagerConfigurer -
                Global AuthenticationManager configured with UserDetailsService bean with name authConfig
2026-09-07 22:22:45.507 [restartedMain] INFO  o.s.d.j.r.query.QueryEnhancerFactory -
                Hibernate is in classpath; If applicable, HQL parser will be used.
2026-09-07 22:22:45.785 [restartedMain] WARN  o.s.b.a.o.j.JpaBaseConfiguration$JpaWebConfiguration -
                spring.jpa.open-in-view is enabled by default. Therefore, database queries may be performed during view rendering. Explicitly configure spring.jpa.open-in-view to disable this warning
2026-09-07 22:22:46.160 [restartedMain] INFO  o.s.b.d.a.OptionalLiveReloadServer -
                LiveReload server is running on port 35729
2026-09-07 22:22:46.191 [restartedMain] INFO  o.s.b.w.e.tomcat.TomcatWebServer -
                Tomcat started on port 8080 (http) with context path '/'
2026-09-07 22:22:46.199 [restartedMain] INFO  c.s.s.SpringAluraApplication -
                Started SpringAluraApplication in 4.547 seconds (process running for 4.933)
2026-09-07 22:26:03.364 [http-nio-8080-exec-2] INFO  o.a.c.c.C.[Tomcat].[localhost].[/] -
                Initializing Spring DispatcherServlet 'dispatcherServlet'
2026-09-07 22:26:03.364 [http-nio-8080-exec-2] INFO  o.s.web.servlet.DispatcherServlet -
                Initializing Servlet 'dispatcherServlet'
2026-09-07 22:26:03.366 [http-nio-8080-exec-2] INFO  o.s.web.servlet.DispatcherServlet -
                Completed initialization in 2 ms
2026-09-07 22:26:03.650 [http-nio-8080-exec-2] WARN  o.s.s.c.bcrypt.BCryptPasswordEncoder -
                Empty encoded password
2026-09-07 22:27:07.812 [http-nio-8080-exec-4] WARN  o.s.s.c.bcrypt.BCryptPasswordEncoder -
                Empty encoded password
2026-09-07 22:30:12.483 [SpringApplicationShutdownHook] INFO  o.s.o.j.LocalContainerEntityManagerFactoryBean -
                Closing JPA EntityManagerFactory for persistence unit 'default'
2026-09-07 22:30:12.485 [SpringApplicationShutdownHook] INFO  com.zaxxer.hikari.HikariDataSource -
                HikariPool-1 - Shutdown initiated...
2026-09-07 22:30:12.488 [SpringApplicationShutdownHook] INFO  com.zaxxer.hikari.HikariDataSource -
                HikariPool-1 - Shutdown completed.
2026-09-07 22:30:15.880 [restartedMain] INFO  c.s.s.SpringAluraApplication -
                Starting SpringAluraApplication using Java 17.0.20 with PID 6780 (D:\Projetos\springAlura\target\classes started by Javan in D:\Projetos\springAlura)
2026-09-07 22:30:15.881 [restartedMain] DEBUG c.s.s.SpringAluraApplication -
                Running with Spring Boot v3.3.3, Spring v6.1.12
2026-09-07 22:30:15.881 [restartedMain] INFO  c.s.s.SpringAluraApplication -
                No active profile set, falling back to 1 default profile: "default"
2026-09-07 22:30:15.916 [restartedMain] INFO  o.s.b.d.e.DevToolsPropertyDefaultsPostProcessor -
                Devtools property defaults active! Set 'spring.devtools.add-properties' to 'false' to disable
2026-09-07 22:30:15.917 [restartedMain] INFO  o.s.b.d.e.DevToolsPropertyDefaultsPostProcessor -
                For additional web related logging consider setting the 'logging.level.web' property to 'DEBUG'
2026-09-07 22:30:16.584 [restartedMain] INFO  o.s.d.r.c.RepositoryConfigurationDelegate -
                Bootstrapping Spring Data JPA repositories in DEFAULT mode.
2026-09-07 22:30:16.640 [restartedMain] INFO  o.s.d.r.c.RepositoryConfigurationDelegate -
                Finished Spring Data repository scanning in 51 ms. Found 5 JPA repository interfaces.
2026-09-07 22:30:17.187 [restartedMain] INFO  o.s.b.w.e.tomcat.TomcatWebServer -
                Tomcat initialized with port 8080 (http)
2026-09-07 22:30:17.198 [restartedMain] INFO  o.a.catalina.core.StandardService -
                Starting service [Tomcat]
2026-09-07 22:30:17.198 [restartedMain] INFO  o.a.catalina.core.StandardEngine -
                Starting Servlet engine: [Apache Tomcat/10.1.28]
2026-09-07 22:30:17.243 [restartedMain] INFO  o.a.c.c.C.[Tomcat].[localhost].[/] -
                Initializing Spring embedded WebApplicationContext
2026-09-07 22:30:17.243 [restartedMain] INFO  o.s.b.w.s.c.ServletWebServerApplicationContext -
                Root WebApplicationContext: initialization completed in 1326 ms
2026-09-07 22:30:17.346 [restartedMain] INFO  o.h.jpa.internal.util.LogHelper -
                HHH000204: Processing PersistenceUnitInfo [name: default]
2026-09-07 22:30:17.400 [restartedMain] INFO  org.hibernate.Version -
                HHH000412: Hibernate ORM core version 6.5.2.Final
2026-09-07 22:30:17.430 [restartedMain] INFO  o.h.c.i.RegionFactoryInitiator -
                HHH000026: Second-level cache disabled
2026-09-07 22:30:17.496 [restartedMain] INFO  o.h.e.b.internal.EnversServiceImpl -
                Envers integration enabled? : true
2026-09-07 22:30:17.652 [restartedMain] INFO  o.s.o.j.p.SpringPersistenceUnitInfo -
                No LoadTimeWeaver setup: ignoring JPA class transformer
2026-09-07 22:30:17.673 [restartedMain] INFO  com.zaxxer.hikari.HikariDataSource -
                HikariPool-1 - Starting...
2026-09-07 22:30:17.806 [restartedMain] INFO  com.zaxxer.hikari.pool.HikariPool -
                HikariPool-1 - Added connection org.postgresql.jdbc.PgConnection@436bd31b
2026-09-07 22:30:17.808 [restartedMain] INFO  com.zaxxer.hikari.HikariDataSource -
                HikariPool-1 - Start completed.
2026-09-07 22:30:17.834 [restartedMain] WARN  org.hibernate.orm.deprecation -
                HHH90000025: PostgreSQLDialect does not need to be specified explicitly using 'hibernate.dialect' (remove the property setting and it will be selected by default)
2026-09-07 22:30:18.064 [restartedMain] INFO  o.h.e.c.i.m.AuditMetadataGenerator -
                Adding properties for entity: com.springAlura.springAlura.domain.model.Plataforma
2026-09-07 22:30:18.066 [restartedMain] INFO  o.h.e.c.i.m.AuditMetadataGenerator -
                Adding properties for entity: com.springAlura.springAlura.domain.model.Categoria
2026-09-07 22:30:18.066 [restartedMain] INFO  o.h.e.c.i.m.AuditMetadataGenerator -
                Adding properties for entity: com.springAlura.springAlura.domain.model.Usuario
2026-09-07 22:30:18.066 [restartedMain] INFO  o.h.e.c.i.m.AuditMetadataGenerator -
                Adding properties for entity: com.springAlura.springAlura.domain.model.Serie
2026-09-07 22:30:18.066 [restartedMain] INFO  o.h.e.c.i.m.AuditMetadataGenerator -
                Adding properties for entity: com.springAlura.springAlura.domain.model.Streaming
2026-09-07 22:30:18.774 [restartedMain] INFO  o.h.e.t.j.p.i.JtaPlatformInitiator -
                HHH000489: No JTA platform available (set 'hibernate.transaction.jta.platform' to enable JTA platform integration)
2026-09-07 22:30:18.970 [restartedMain] INFO  o.s.o.j.LocalContainerEntityManagerFactoryBean -
                Initialized JPA EntityManagerFactory for persistence unit 'default'
2026-09-07 22:30:19.211 [restartedMain] INFO  o.s.s.c.a.a.c.InitializeUserDetailsBeanManagerConfigurer$InitializeUserDetailsManagerConfigurer -
                Global AuthenticationManager configured with UserDetailsService bean with name authConfig
2026-09-07 22:30:19.273 [restartedMain] INFO  o.s.d.j.r.query.QueryEnhancerFactory -
                Hibernate is in classpath; If applicable, HQL parser will be used.
2026-09-07 22:30:19.547 [restartedMain] WARN  o.s.b.a.o.j.JpaBaseConfiguration$JpaWebConfiguration -
                spring.jpa.open-in-view is enabled by default. Therefore, database queries may be performed during view rendering. Explicitly configure spring.jpa.open-in-view to disable this warning
2026-09-07 22:30:19.918 [restartedMain] INFO  o.s.b.d.a.OptionalLiveReloadServer -
                LiveReload server is running on port 35729
2026-09-07 22:30:19.950 [restartedMain] INFO  o.s.b.w.e.tomcat.TomcatWebServer -
                Tomcat started on port 8080 (http) with context path '/'
2026-09-07 22:30:19.958 [restartedMain] INFO  c.s.s.SpringAluraApplication -
                Started SpringAluraApplication in 4.484 seconds (process running for 4.873)
2026-09-07 22:30:31.287 [http-nio-8080-exec-2] INFO  o.a.c.c.C.[Tomcat].[localhost].[/] -
                Initializing Spring DispatcherServlet 'dispatcherServlet'
2026-09-07 22:30:31.287 [http-nio-8080-exec-2] INFO  o.s.web.servlet.DispatcherServlet -
                Initializing Servlet 'dispatcherServlet'
2026-09-07 22:30:31.288 [http-nio-8080-exec-2] INFO  o.s.web.servlet.DispatcherServlet -
                Completed initialization in 1 ms
2026-09-07 22:30:31.567 [http-nio-8080-exec-2] WARN  o.s.s.c.bcrypt.BCryptPasswordEncoder -
                Empty encoded password
2026-09-07 22:32:49.221 [SpringApplicationShutdownHook] INFO  o.s.o.j.LocalContainerEntityManagerFactoryBean -
                Closing JPA EntityManagerFactory for persistence unit 'default'
2026-09-07 22:32:49.223 [SpringApplicationShutdownHook] INFO  com.zaxxer.hikari.HikariDataSource -
                HikariPool-1 - Shutdown initiated...
2026-09-07 22:32:49.226 [SpringApplicationShutdownHook] INFO  com.zaxxer.hikari.HikariDataSource -
                HikariPool-1 - Shutdown completed.
2026-09-07 22:32:52.970 [restartedMain] INFO  c.s.s.SpringAluraApplication -
                Starting SpringAluraApplication using Java 17.0.20 with PID 8052 (D:\Projetos\springAlura\target\classes started by Javan in D:\Projetos\springAlura)
2026-09-07 22:32:52.971 [restartedMain] DEBUG c.s.s.SpringAluraApplication -
                Running with Spring Boot v3.3.3, Spring v6.1.12
2026-09-07 22:32:52.972 [restartedMain] INFO  c.s.s.SpringAluraApplication -
                No active profile set, falling back to 1 default profile: "default"
2026-09-07 22:32:53.005 [restartedMain] INFO  o.s.b.d.e.DevToolsPropertyDefaultsPostProcessor -
                Devtools property defaults active! Set 'spring.devtools.add-properties' to 'false' to disable
2026-09-07 22:32:53.006 [restartedMain] INFO  o.s.b.d.e.DevToolsPropertyDefaultsPostProcessor -
                For additional web related logging consider setting the 'logging.level.web' property to 'DEBUG'
2026-09-07 22:32:53.705 [restartedMain] INFO  o.s.d.r.c.RepositoryConfigurationDelegate -
                Bootstrapping Spring Data JPA repositories in DEFAULT mode.
2026-09-07 22:32:53.758 [restartedMain] INFO  o.s.d.r.c.RepositoryConfigurationDelegate -
                Finished Spring Data repository scanning in 47 ms. Found 5 JPA repository interfaces.
2026-09-07 22:32:54.308 [restartedMain] INFO  o.s.b.w.e.tomcat.TomcatWebServer -
                Tomcat initialized with port 8080 (http)
2026-09-07 22:32:54.319 [restartedMain] INFO  o.a.catalina.core.StandardService -
                Starting service [Tomcat]
2026-09-07 22:32:54.319 [restartedMain] INFO  o.a.catalina.core.StandardEngine -
                Starting Servlet engine: [Apache Tomcat/10.1.28]
2026-09-07 22:32:54.365 [restartedMain] INFO  o.a.c.c.C.[Tomcat].[localhost].[/] -
                Initializing Spring embedded WebApplicationContext
2026-09-07 22:32:54.365 [restartedMain] INFO  o.s.b.w.s.c.ServletWebServerApplicationContext -
                Root WebApplicationContext: initialization completed in 1359 ms
2026-09-07 22:32:54.477 [restartedMain] INFO  o.h.jpa.internal.util.LogHelper -
                HHH000204: Processing PersistenceUnitInfo [name: default]
2026-09-07 22:32:54.528 [restartedMain] INFO  org.hibernate.Version -
                HHH000412: Hibernate ORM core version 6.5.2.Final
2026-09-07 22:32:54.557 [restartedMain] INFO  o.h.c.i.RegionFactoryInitiator -
                HHH000026: Second-level cache disabled
2026-09-07 22:32:54.623 [restartedMain] INFO  o.h.e.b.internal.EnversServiceImpl -
                Envers integration enabled? : true
2026-09-07 22:32:54.775 [restartedMain] INFO  o.s.o.j.p.SpringPersistenceUnitInfo -
                No LoadTimeWeaver setup: ignoring JPA class transformer
2026-09-07 22:32:54.794 [restartedMain] INFO  com.zaxxer.hikari.HikariDataSource -
                HikariPool-1 - Starting...
2026-09-07 22:32:54.943 [restartedMain] INFO  com.zaxxer.hikari.pool.HikariPool -
                HikariPool-1 - Added connection org.postgresql.jdbc.PgConnection@10d305cf
2026-09-07 22:32:54.944 [restartedMain] INFO  com.zaxxer.hikari.HikariDataSource -
                HikariPool-1 - Start completed.
2026-09-07 22:32:54.971 [restartedMain] WARN  org.hibernate.orm.deprecation -
                HHH90000025: PostgreSQLDialect does not need to be specified explicitly using 'hibernate.dialect' (remove the property setting and it will be selected by default)
2026-09-07 22:32:55.199 [restartedMain] INFO  o.h.e.c.i.m.AuditMetadataGenerator -
                Adding properties for entity: com.springAlura.springAlura.domain.model.Plataforma
2026-09-07 22:32:55.201 [restartedMain] INFO  o.h.e.c.i.m.AuditMetadataGenerator -
                Adding properties for entity: com.springAlura.springAlura.domain.model.Categoria
2026-09-07 22:32:55.202 [restartedMain] INFO  o.h.e.c.i.m.AuditMetadataGenerator -
                Adding properties for entity: com.springAlura.springAlura.domain.model.Usuario
2026-09-07 22:32:55.202 [restartedMain] INFO  o.h.e.c.i.m.AuditMetadataGenerator -
                Adding properties for entity: com.springAlura.springAlura.domain.model.Serie
2026-09-07 22:32:55.202 [restartedMain] INFO  o.h.e.c.i.m.AuditMetadataGenerator -
                Adding properties for entity: com.springAlura.springAlura.domain.model.Streaming
2026-09-07 22:32:55.950 [restartedMain] INFO  o.h.e.t.j.p.i.JtaPlatformInitiator -
                HHH000489: No JTA platform available (set 'hibernate.transaction.jta.platform' to enable JTA platform integration)
2026-09-07 22:32:56.111 [restartedMain] INFO  o.s.o.j.LocalContainerEntityManagerFactoryBean -
                Initialized JPA EntityManagerFactory for persistence unit 'default'
2026-09-07 22:32:56.355 [restartedMain] INFO  o.s.s.c.a.a.c.InitializeUserDetailsBeanManagerConfigurer$InitializeUserDetailsManagerConfigurer -
                Global AuthenticationManager configured with UserDetailsService bean with name authConfig
2026-09-07 22:32:56.425 [restartedMain] INFO  o.s.d.j.r.query.QueryEnhancerFactory -
                Hibernate is in classpath; If applicable, HQL parser will be used.
2026-09-07 22:32:56.699 [restartedMain] WARN  o.s.b.a.o.j.JpaBaseConfiguration$JpaWebConfiguration -
                spring.jpa.open-in-view is enabled by default. Therefore, database queries may be performed during view rendering. Explicitly configure spring.jpa.open-in-view to disable this warning
2026-09-07 22:32:57.077 [restartedMain] INFO  o.s.b.d.a.OptionalLiveReloadServer -
                LiveReload server is running on port 35729
2026-09-07 22:32:57.103 [restartedMain] INFO  o.s.b.w.e.tomcat.TomcatWebServer -
                Tomcat started on port 8080 (http) with context path '/'
2026-09-07 22:32:57.111 [restartedMain] INFO  c.s.s.SpringAluraApplication -
                Started SpringAluraApplication in 4.524 seconds (process running for 4.898)
2026-09-07 22:33:05.266 [http-nio-8080-exec-1] INFO  o.a.c.c.C.[Tomcat].[localhost].[/] -
                Initializing Spring DispatcherServlet 'dispatcherServlet'
2026-09-07 22:33:05.266 [http-nio-8080-exec-1] INFO  o.s.web.servlet.DispatcherServlet -
                Initializing Servlet 'dispatcherServlet'
2026-09-07 22:33:05.268 [http-nio-8080-exec-1] INFO  o.s.web.servlet.DispatcherServlet -
                Completed initialization in 2 ms
2026-09-07 22:59:18.129 [SpringApplicationShutdownHook] INFO  o.s.o.j.LocalContainerEntityManagerFactoryBean -
                Closing JPA EntityManagerFactory for persistence unit 'default'
2026-09-07 22:59:18.132 [SpringApplicationShutdownHook] INFO  com.zaxxer.hikari.HikariDataSource -
                HikariPool-1 - Shutdown initiated...
2026-09-07 22:59:18.136 [SpringApplicationShutdownHook] INFO  com.zaxxer.hikari.HikariDataSource -
                HikariPool-1 - Shutdown completed.
2026-09-07 22:59:58.843 [restartedMain] INFO  c.s.s.SpringAluraApplication -
                Starting SpringAluraApplication using Java 17.0.20 with PID 4624 (D:\Projetos\springAlura\target\classes started by Javan in D:\Projetos\springAlura)
2026-09-07 22:59:58.844 [restartedMain] DEBUG c.s.s.SpringAluraApplication -
                Running with Spring Boot v3.3.3, Spring v6.1.12
2026-09-07 22:59:58.845 [restartedMain] INFO  c.s.s.SpringAluraApplication -
                No active profile set, falling back to 1 default profile: "default"
2026-09-07 22:59:58.877 [restartedMain] INFO  o.s.b.d.e.DevToolsPropertyDefaultsPostProcessor -
                Devtools property defaults active! Set 'spring.devtools.add-properties' to 'false' to disable
2026-09-07 22:59:58.877 [restartedMain] INFO  o.s.b.d.e.DevToolsPropertyDefaultsPostProcessor -
                For additional web related logging consider setting the 'logging.level.web' property to 'DEBUG'
2026-09-07 22:59:59.498 [restartedMain] INFO  o.s.d.r.c.RepositoryConfigurationDelegate -
                Bootstrapping Spring Data JPA repositories in DEFAULT mode.
2026-09-07 22:59:59.548 [restartedMain] INFO  o.s.d.r.c.RepositoryConfigurationDelegate -
                Finished Spring Data repository scanning in 44 ms. Found 5 JPA repository interfaces.
2026-09-07 23:00:00.038 [restartedMain] INFO  o.s.b.w.e.tomcat.TomcatWebServer -
                Tomcat initialized with port 8080 (http)
2026-09-07 23:00:00.048 [restartedMain] INFO  o.a.catalina.core.StandardService -
                Starting service [Tomcat]
2026-09-07 23:00:00.048 [restartedMain] INFO  o.a.catalina.core.StandardEngine -
                Starting Servlet engine: [Apache Tomcat/10.1.28]
2026-09-07 23:00:00.090 [restartedMain] INFO  o.a.c.c.C.[Tomcat].[localhost].[/] -
                Initializing Spring embedded WebApplicationContext
2026-09-07 23:00:00.091 [restartedMain] INFO  o.s.b.w.s.c.ServletWebServerApplicationContext -
                Root WebApplicationContext: initialization completed in 1212 ms
2026-09-07 23:00:00.125 [restartedMain] DEBUG c.s.s.configs.SecurityFilter -
                Filter 'securityFilter' configured for use
2026-09-07 23:00:00.194 [restartedMain] INFO  o.h.jpa.internal.util.LogHelper -
                HHH000204: Processing PersistenceUnitInfo [name: default]
2026-09-07 23:00:00.245 [restartedMain] INFO  org.hibernate.Version -
                HHH000412: Hibernate ORM core version 6.5.2.Final
2026-09-07 23:00:00.273 [restartedMain] INFO  o.h.c.i.RegionFactoryInitiator -
                HHH000026: Second-level cache disabled
2026-09-07 23:00:00.341 [restartedMain] INFO  o.h.e.b.internal.EnversServiceImpl -
                Envers integration enabled? : true
2026-09-07 23:00:00.493 [restartedMain] INFO  o.s.o.j.p.SpringPersistenceUnitInfo -
                No LoadTimeWeaver setup: ignoring JPA class transformer
2026-09-07 23:00:00.513 [restartedMain] INFO  com.zaxxer.hikari.HikariDataSource -
                HikariPool-1 - Starting...
2026-09-07 23:00:00.643 [restartedMain] INFO  com.zaxxer.hikari.pool.HikariPool -
                HikariPool-1 - Added connection org.postgresql.jdbc.PgConnection@6ed54f09
2026-09-07 23:00:00.644 [restartedMain] INFO  com.zaxxer.hikari.HikariDataSource -
                HikariPool-1 - Start completed.
2026-09-07 23:00:00.676 [restartedMain] WARN  org.hibernate.orm.deprecation -
                HHH90000025: PostgreSQLDialect does not need to be specified explicitly using 'hibernate.dialect' (remove the property setting and it will be selected by default)
2026-09-07 23:00:00.890 [restartedMain] INFO  o.h.e.c.i.m.AuditMetadataGenerator -
                Adding properties for entity: com.springAlura.springAlura.domain.model.Plataforma
2026-09-07 23:00:00.892 [restartedMain] INFO  o.h.e.c.i.m.AuditMetadataGenerator -
                Adding properties for entity: com.springAlura.springAlura.domain.model.Categoria
2026-09-07 23:00:00.892 [restartedMain] INFO  o.h.e.c.i.m.AuditMetadataGenerator -
                Adding properties for entity: com.springAlura.springAlura.domain.model.Usuario
2026-09-07 23:00:00.892 [restartedMain] INFO  o.h.e.c.i.m.AuditMetadataGenerator -
                Adding properties for entity: com.springAlura.springAlura.domain.model.Serie
2026-09-07 23:00:00.893 [restartedMain] INFO  o.h.e.c.i.m.AuditMetadataGenerator -
                Adding properties for entity: com.springAlura.springAlura.domain.model.Streaming
2026-09-07 23:00:01.585 [restartedMain] INFO  o.h.e.t.j.p.i.JtaPlatformInitiator -
                HHH000489: No JTA platform available (set 'hibernate.transaction.jta.platform' to enable JTA platform integration)
2026-09-07 23:00:01.790 [restartedMain] INFO  o.s.o.j.LocalContainerEntityManagerFactoryBean -
                Initialized JPA EntityManagerFactory for persistence unit 'default'
2026-09-07 23:00:02.018 [restartedMain] INFO  o.s.s.c.a.a.c.InitializeUserDetailsBeanManagerConfigurer$InitializeUserDetailsManagerConfigurer -
                Global AuthenticationManager configured with UserDetailsService bean with name authConfig
2026-09-07 23:00:02.076 [restartedMain] INFO  o.s.d.j.r.query.QueryEnhancerFactory -
                Hibernate is in classpath; If applicable, HQL parser will be used.
2026-09-07 23:00:02.355 [restartedMain] WARN  o.s.b.a.o.j.JpaBaseConfiguration$JpaWebConfiguration -
                spring.jpa.open-in-view is enabled by default. Therefore, database queries may be performed during view rendering. Explicitly configure spring.jpa.open-in-view to disable this warning
2026-09-07 23:00:02.722 [restartedMain] INFO  o.s.b.d.a.OptionalLiveReloadServer -
                LiveReload server is running on port 35729
2026-09-07 23:00:02.748 [restartedMain] INFO  o.s.b.w.e.tomcat.TomcatWebServer -
                Tomcat started on port 8080 (http) with context path '/'
2026-09-07 23:00:02.756 [restartedMain] INFO  c.s.s.SpringAluraApplication -
                Started SpringAluraApplication in 4.292 seconds (process running for 5.156)
2026-09-07 23:00:50.344 [http-nio-8080-exec-1] INFO  o.a.c.c.C.[Tomcat].[localhost].[/] -
                Initializing Spring DispatcherServlet 'dispatcherServlet'
2026-09-07 23:00:50.344 [http-nio-8080-exec-1] INFO  o.s.web.servlet.DispatcherServlet -
                Initializing Servlet 'dispatcherServlet'
2026-09-07 23:00:50.346 [http-nio-8080-exec-1] INFO  o.s.web.servlet.DispatcherServlet -
                Completed initialization in 2 ms
2026-09-07 23:07:56.143 [SpringApplicationShutdownHook] INFO  o.s.o.j.LocalContainerEntityManagerFactoryBean -
                Closing JPA EntityManagerFactory for persistence unit 'default'
2026-09-07 23:07:56.146 [SpringApplicationShutdownHook] INFO  com.zaxxer.hikari.HikariDataSource -
                HikariPool-1 - Shutdown initiated...
2026-09-07 23:07:56.148 [SpringApplicationShutdownHook] INFO  com.zaxxer.hikari.HikariDataSource -
                HikariPool-1 - Shutdown completed.
2026-09-07 23:07:59.295 [restartedMain] INFO  c.s.s.SpringAluraApplication -
                Starting SpringAluraApplication using Java 17.0.20 with PID 16108 (D:\Projetos\springAlura\target\classes started by Javan in D:\Projetos\springAlura)
2026-09-07 23:07:59.296 [restartedMain] DEBUG c.s.s.SpringAluraApplication -
                Running with Spring Boot v3.3.3, Spring v6.1.12
2026-09-07 23:07:59.297 [restartedMain] INFO  c.s.s.SpringAluraApplication -
                No active profile set, falling back to 1 default profile: "default"
2026-09-07 23:07:59.330 [restartedMain] INFO  o.s.b.d.e.DevToolsPropertyDefaultsPostProcessor -
                Devtools property defaults active! Set 'spring.devtools.add-properties' to 'false' to disable
2026-09-07 23:07:59.331 [restartedMain] INFO  o.s.b.d.e.DevToolsPropertyDefaultsPostProcessor -
                For additional web related logging consider setting the 'logging.level.web' property to 'DEBUG'
2026-09-07 23:07:59.985 [restartedMain] INFO  o.s.d.r.c.RepositoryConfigurationDelegate -
                Bootstrapping Spring Data JPA repositories in DEFAULT mode.
2026-09-07 23:08:00.038 [restartedMain] INFO  o.s.d.r.c.RepositoryConfigurationDelegate -
                Finished Spring Data repository scanning in 47 ms. Found 5 JPA repository interfaces.
2026-09-07 23:08:00.571 [restartedMain] INFO  o.s.b.w.e.tomcat.TomcatWebServer -
                Tomcat initialized with port 8080 (http)
2026-09-07 23:08:00.581 [restartedMain] INFO  o.a.catalina.core.StandardService -
                Starting service [Tomcat]
2026-09-07 23:08:00.582 [restartedMain] INFO  o.a.catalina.core.StandardEngine -
                Starting Servlet engine: [Apache Tomcat/10.1.28]
2026-09-07 23:08:00.625 [restartedMain] INFO  o.a.c.c.C.[Tomcat].[localhost].[/] -
                Initializing Spring embedded WebApplicationContext
2026-09-07 23:08:00.625 [restartedMain] INFO  o.s.b.w.s.c.ServletWebServerApplicationContext -
                Root WebApplicationContext: initialization completed in 1294 ms
2026-09-07 23:08:00.660 [restartedMain] DEBUG c.s.s.configs.SecurityFilter -
                Filter 'securityFilter' configured for use
2026-09-07 23:08:00.735 [restartedMain] INFO  o.h.jpa.internal.util.LogHelper -
                HHH000204: Processing PersistenceUnitInfo [name: default]
2026-09-07 23:08:00.786 [restartedMain] INFO  org.hibernate.Version -
                HHH000412: Hibernate ORM core version 6.5.2.Final
2026-09-07 23:08:00.815 [restartedMain] INFO  o.h.c.i.RegionFactoryInitiator -
                HHH000026: Second-level cache disabled
2026-09-07 23:08:00.880 [restartedMain] INFO  o.h.e.b.internal.EnversServiceImpl -
                Envers integration enabled? : true
2026-09-07 23:08:01.032 [restartedMain] INFO  o.s.o.j.p.SpringPersistenceUnitInfo -
                No LoadTimeWeaver setup: ignoring JPA class transformer
2026-09-07 23:08:01.052 [restartedMain] INFO  com.zaxxer.hikari.HikariDataSource -
                HikariPool-1 - Starting...
2026-09-07 23:08:01.178 [restartedMain] INFO  com.zaxxer.hikari.pool.HikariPool -
                HikariPool-1 - Added connection org.postgresql.jdbc.PgConnection@cd97604
2026-09-07 23:08:01.179 [restartedMain] INFO  com.zaxxer.hikari.HikariDataSource -
                HikariPool-1 - Start completed.
2026-09-07 23:08:01.206 [restartedMain] WARN  org.hibernate.orm.deprecation -
                HHH90000025: PostgreSQLDialect does not need to be specified explicitly using 'hibernate.dialect' (remove the property setting and it will be selected by default)
2026-09-07 23:08:01.426 [restartedMain] INFO  o.h.e.c.i.m.AuditMetadataGenerator -
                Adding properties for entity: com.springAlura.springAlura.domain.model.Plataforma
2026-09-07 23:08:01.428 [restartedMain] INFO  o.h.e.c.i.m.AuditMetadataGenerator -
                Adding properties for entity: com.springAlura.springAlura.domain.model.Categoria
2026-09-07 23:08:01.428 [restartedMain] INFO  o.h.e.c.i.m.AuditMetadataGenerator -
                Adding properties for entity: com.springAlura.springAlura.domain.model.Usuario
2026-09-07 23:08:01.429 [restartedMain] INFO  o.h.e.c.i.m.AuditMetadataGenerator -
                Adding properties for entity: com.springAlura.springAlura.domain.model.Serie
2026-09-07 23:08:01.429 [restartedMain] INFO  o.h.e.c.i.m.AuditMetadataGenerator -
                Adding properties for entity: com.springAlura.springAlura.domain.model.Streaming
2026-09-07 23:08:02.137 [restartedMain] INFO  o.h.e.t.j.p.i.JtaPlatformInitiator -
                HHH000489: No JTA platform available (set 'hibernate.transaction.jta.platform' to enable JTA platform integration)
2026-09-07 23:08:02.278 [restartedMain] INFO  o.s.o.j.LocalContainerEntityManagerFactoryBean -
                Initialized JPA EntityManagerFactory for persistence unit 'default'
2026-09-07 23:08:02.508 [restartedMain] INFO  o.s.s.c.a.a.c.InitializeUserDetailsBeanManagerConfigurer$InitializeUserDetailsManagerConfigurer -
                Global AuthenticationManager configured with UserDetailsService bean with name authConfig
2026-09-07 23:08:02.566 [restartedMain] INFO  o.s.d.j.r.query.QueryEnhancerFactory -
                Hibernate is in classpath; If applicable, HQL parser will be used.
2026-09-07 23:08:02.842 [restartedMain] WARN  o.s.b.a.o.j.JpaBaseConfiguration$JpaWebConfiguration -
                spring.jpa.open-in-view is enabled by default. Therefore, database queries may be performed during view rendering. Explicitly configure spring.jpa.open-in-view to disable this warning
2026-09-07 23:08:03.206 [restartedMain] INFO  o.s.b.d.a.OptionalLiveReloadServer -
                LiveReload server is running on port 35729
2026-09-07 23:08:03.232 [restartedMain] INFO  o.s.b.w.e.tomcat.TomcatWebServer -
                Tomcat started on port 8080 (http) with context path '/'
2026-09-07 23:08:03.240 [restartedMain] INFO  c.s.s.SpringAluraApplication -
                Started SpringAluraApplication in 4.33 seconds (process running for 4.716)
2026-09-07 23:08:14.622 [http-nio-8080-exec-2] INFO  o.a.c.c.C.[Tomcat].[localhost].[/] -
                Initializing Spring DispatcherServlet 'dispatcherServlet'
2026-09-07 23:08:14.622 [http-nio-8080-exec-2] INFO  o.s.web.servlet.DispatcherServlet -
                Initializing Servlet 'dispatcherServlet'
2026-09-07 23:08:14.624 [http-nio-8080-exec-2] INFO  o.s.web.servlet.DispatcherServlet -
                Completed initialization in 2 ms
2026-09-07 23:08:29.217 [SpringApplicationShutdownHook] INFO  o.s.o.j.LocalContainerEntityManagerFactoryBean -
                Closing JPA EntityManagerFactory for persistence unit 'default'
2026-09-07 23:08:29.219 [SpringApplicationShutdownHook] INFO  com.zaxxer.hikari.HikariDataSource -
                HikariPool-1 - Shutdown initiated...
2026-09-07 23:08:29.222 [SpringApplicationShutdownHook] INFO  com.zaxxer.hikari.HikariDataSource -
                HikariPool-1 - Shutdown completed.
2026-09-07 23:08:30.881 [restartedMain] INFO  c.s.s.SpringAluraApplication -
                Starting SpringAluraApplication using Java 17.0.20 with PID 6148 (D:\Projetos\springAlura\target\classes started by Javan in D:\Projetos\springAlura)
2026-09-07 23:08:30.883 [restartedMain] DEBUG c.s.s.SpringAluraApplication -
                Running with Spring Boot v3.3.3, Spring v6.1.12
2026-09-07 23:08:30.883 [restartedMain] INFO  c.s.s.SpringAluraApplication -
                No active profile set, falling back to 1 default profile: "default"
2026-09-07 23:08:30.918 [restartedMain] INFO  o.s.b.d.e.DevToolsPropertyDefaultsPostProcessor -
                Devtools property defaults active! Set 'spring.devtools.add-properties' to 'false' to disable
2026-09-07 23:08:30.919 [restartedMain] INFO  o.s.b.d.e.DevToolsPropertyDefaultsPostProcessor -
                For additional web related logging consider setting the 'logging.level.web' property to 'DEBUG'
2026-09-07 23:08:31.603 [restartedMain] INFO  o.s.d.r.c.RepositoryConfigurationDelegate -
                Bootstrapping Spring Data JPA repositories in DEFAULT mode.
2026-09-07 23:08:31.657 [restartedMain] INFO  o.s.d.r.c.RepositoryConfigurationDelegate -
                Finished Spring Data repository scanning in 48 ms. Found 5 JPA repository interfaces.
2026-09-07 23:08:32.200 [restartedMain] INFO  o.s.b.w.e.tomcat.TomcatWebServer -
                Tomcat initialized with port 8080 (http)
2026-09-07 23:08:32.212 [restartedMain] INFO  o.a.catalina.core.StandardService -
                Starting service [Tomcat]
2026-09-07 23:08:32.212 [restartedMain] INFO  o.a.catalina.core.StandardEngine -
                Starting Servlet engine: [Apache Tomcat/10.1.28]
2026-09-07 23:08:32.258 [restartedMain] INFO  o.a.c.c.C.[Tomcat].[localhost].[/] -
                Initializing Spring embedded WebApplicationContext
2026-09-07 23:08:32.258 [restartedMain] INFO  o.s.b.w.s.c.ServletWebServerApplicationContext -
                Root WebApplicationContext: initialization completed in 1339 ms
2026-09-07 23:08:32.293 [restartedMain] DEBUG c.s.s.configs.SecurityFilter -
                Filter 'securityFilter' configured for use
2026-09-07 23:08:32.364 [restartedMain] INFO  o.h.jpa.internal.util.LogHelper -
                HHH000204: Processing PersistenceUnitInfo [name: default]
2026-09-07 23:08:32.417 [restartedMain] INFO  org.hibernate.Version -
                HHH000412: Hibernate ORM core version 6.5.2.Final
2026-09-07 23:08:32.447 [restartedMain] INFO  o.h.c.i.RegionFactoryInitiator -
                HHH000026: Second-level cache disabled
2026-09-07 23:08:32.515 [restartedMain] INFO  o.h.e.b.internal.EnversServiceImpl -
                Envers integration enabled? : true
2026-09-07 23:08:32.677 [restartedMain] INFO  o.s.o.j.p.SpringPersistenceUnitInfo -
                No LoadTimeWeaver setup: ignoring JPA class transformer
2026-09-07 23:08:32.697 [restartedMain] INFO  com.zaxxer.hikari.HikariDataSource -
                HikariPool-1 - Starting...
2026-09-07 23:08:32.935 [restartedMain] INFO  com.zaxxer.hikari.pool.HikariPool -
                HikariPool-1 - Added connection org.postgresql.jdbc.PgConnection@5818a543
2026-09-07 23:08:32.936 [restartedMain] INFO  com.zaxxer.hikari.HikariDataSource -
                HikariPool-1 - Start completed.
2026-09-07 23:08:32.963 [restartedMain] WARN  org.hibernate.orm.deprecation -
                HHH90000025: PostgreSQLDialect does not need to be specified explicitly using 'hibernate.dialect' (remove the property setting and it will be selected by default)
2026-09-07 23:08:33.182 [restartedMain] INFO  o.h.e.c.i.m.AuditMetadataGenerator -
                Adding properties for entity: com.springAlura.springAlura.domain.model.Plataforma
2026-09-07 23:08:33.184 [restartedMain] INFO  o.h.e.c.i.m.AuditMetadataGenerator -
                Adding properties for entity: com.springAlura.springAlura.domain.model.Categoria
2026-09-07 23:08:33.184 [restartedMain] INFO  o.h.e.c.i.m.AuditMetadataGenerator -
                Adding properties for entity: com.springAlura.springAlura.domain.model.Usuario
2026-09-07 23:08:33.184 [restartedMain] INFO  o.h.e.c.i.m.AuditMetadataGenerator -
                Adding properties for entity: com.springAlura.springAlura.domain.model.Serie
2026-09-07 23:08:33.185 [restartedMain] INFO  o.h.e.c.i.m.AuditMetadataGenerator -
                Adding properties for entity: com.springAlura.springAlura.domain.model.Streaming
2026-09-07 23:08:33.880 [restartedMain] INFO  o.h.e.t.j.p.i.JtaPlatformInitiator -
                HHH000489: No JTA platform available (set 'hibernate.transaction.jta.platform' to enable JTA platform integration)
2026-09-07 23:08:34.090 [restartedMain] INFO  o.s.o.j.LocalContainerEntityManagerFactoryBean -
                Initialized JPA EntityManagerFactory for persistence unit 'default'
2026-09-07 23:08:34.325 [restartedMain] INFO  o.s.s.c.a.a.c.InitializeUserDetailsBeanManagerConfigurer$InitializeUserDetailsManagerConfigurer -
                Global AuthenticationManager configured with UserDetailsService bean with name authConfig
2026-09-07 23:08:34.386 [restartedMain] INFO  o.s.d.j.r.query.QueryEnhancerFactory -
                Hibernate is in classpath; If applicable, HQL parser will be used.
2026-09-07 23:08:34.663 [restartedMain] WARN  o.s.b.a.o.j.JpaBaseConfiguration$JpaWebConfiguration -
                spring.jpa.open-in-view is enabled by default. Therefore, database queries may be performed during view rendering. Explicitly configure spring.jpa.open-in-view to disable this warning
2026-09-07 23:08:35.022 [restartedMain] INFO  o.s.b.d.a.OptionalLiveReloadServer -
                LiveReload server is running on port 35729
2026-09-07 23:08:35.048 [restartedMain] INFO  o.s.b.w.e.tomcat.TomcatWebServer -
                Tomcat started on port 8080 (http) with context path '/'
2026-09-07 23:08:35.056 [restartedMain] INFO  c.s.s.SpringAluraApplication -
                Started SpringAluraApplication in 4.575 seconds (process running for 4.996)
2026-09-07 23:08:40.120 [http-nio-8080-exec-2] INFO  o.a.c.c.C.[Tomcat].[localhost].[/] -
                Initializing Spring DispatcherServlet 'dispatcherServlet'
2026-09-07 23:08:40.121 [http-nio-8080-exec-2] INFO  o.s.web.servlet.DispatcherServlet -
                Initializing Servlet 'dispatcherServlet'
2026-09-07 23:08:40.122 [http-nio-8080-exec-2] INFO  o.s.web.servlet.DispatcherServlet -
                Completed initialization in 1 ms
2026-09-07 23:08:50.293 [http-nio-8080-exec-3] INFO  c.s.s.api.controller.SerieController -
                Recebida a requisição GET para listar Séries
2026-09-07 23:08:50.293 [http-nio-8080-exec-3] DEBUG c.s.s.domain.service.SerieService -
                Acessando o repositório para buscar as séries ordenadas por ID.
2026-09-07 23:08:50.383 [http-nio-8080-exec-3] INFO  c.s.s.domain.service.SerieService -
                Busca de séries finalizada. Total de registros encontrados: 43
2026-09-07 23:09:56.304 [SpringApplicationShutdownHook] INFO  o.s.o.j.LocalContainerEntityManagerFactoryBean -
                Closing JPA EntityManagerFactory for persistence unit 'default'
2026-09-07 23:09:56.306 [SpringApplicationShutdownHook] INFO  com.zaxxer.hikari.HikariDataSource -
                HikariPool-1 - Shutdown initiated...
2026-09-07 23:09:56.309 [SpringApplicationShutdownHook] INFO  com.zaxxer.hikari.HikariDataSource -
                HikariPool-1 - Shutdown completed.
2026-09-07 23:09:59.437 [restartedMain] INFO  c.s.s.SpringAluraApplication -
                Starting SpringAluraApplication using Java 17.0.20 with PID 2920 (D:\Projetos\springAlura\target\classes started by Javan in D:\Projetos\springAlura)
2026-09-07 23:09:59.438 [restartedMain] DEBUG c.s.s.SpringAluraApplication -
                Running with Spring Boot v3.3.3, Spring v6.1.12
2026-09-07 23:09:59.438 [restartedMain] INFO  c.s.s.SpringAluraApplication -
                No active profile set, falling back to 1 default profile: "default"
2026-09-07 23:09:59.471 [restartedMain] INFO  o.s.b.d.e.DevToolsPropertyDefaultsPostProcessor -
                Devtools property defaults active! Set 'spring.devtools.add-properties' to 'false' to disable
2026-09-07 23:09:59.471 [restartedMain] INFO  o.s.b.d.e.DevToolsPropertyDefaultsPostProcessor -
                For additional web related logging consider setting the 'logging.level.web' property to 'DEBUG'
2026-09-07 23:10:00.126 [restartedMain] INFO  o.s.d.r.c.RepositoryConfigurationDelegate -
                Bootstrapping Spring Data JPA repositories in DEFAULT mode.
2026-09-07 23:10:00.175 [restartedMain] INFO  o.s.d.r.c.RepositoryConfigurationDelegate -
                Finished Spring Data repository scanning in 44 ms. Found 5 JPA repository interfaces.
2026-09-07 23:10:00.662 [restartedMain] INFO  o.s.b.w.e.tomcat.TomcatWebServer -
                Tomcat initialized with port 8080 (http)
2026-09-07 23:10:00.673 [restartedMain] INFO  o.a.catalina.core.StandardService -
                Starting service [Tomcat]
2026-09-07 23:10:00.674 [restartedMain] INFO  o.a.catalina.core.StandardEngine -
                Starting Servlet engine: [Apache Tomcat/10.1.28]
2026-09-07 23:10:00.719 [restartedMain] INFO  o.a.c.c.C.[Tomcat].[localhost].[/] -
                Initializing Spring embedded WebApplicationContext
2026-09-07 23:10:00.720 [restartedMain] INFO  o.s.b.w.s.c.ServletWebServerApplicationContext -
                Root WebApplicationContext: initialization completed in 1248 ms
2026-09-07 23:10:00.755 [restartedMain] DEBUG c.s.s.configs.SecurityFilter -
                Filter 'securityFilter' configured for use
2026-09-07 23:10:00.833 [restartedMain] INFO  o.h.jpa.internal.util.LogHelper -
                HHH000204: Processing PersistenceUnitInfo [name: default]
2026-09-07 23:10:00.886 [restartedMain] INFO  org.hibernate.Version -
                HHH000412: Hibernate ORM core version 6.5.2.Final
2026-09-07 23:10:00.914 [restartedMain] INFO  o.h.c.i.RegionFactoryInitiator -
                HHH000026: Second-level cache disabled
2026-09-07 23:10:00.979 [restartedMain] INFO  o.h.e.b.internal.EnversServiceImpl -
                Envers integration enabled? : true
2026-09-07 23:10:01.125 [restartedMain] INFO  o.s.o.j.p.SpringPersistenceUnitInfo -
                No LoadTimeWeaver setup: ignoring JPA class transformer
2026-09-07 23:10:01.145 [restartedMain] INFO  com.zaxxer.hikari.HikariDataSource -
                HikariPool-1 - Starting...
2026-09-07 23:10:01.272 [restartedMain] INFO  com.zaxxer.hikari.pool.HikariPool -
                HikariPool-1 - Added connection org.postgresql.jdbc.PgConnection@47504426
2026-09-07 23:10:01.273 [restartedMain] INFO  com.zaxxer.hikari.HikariDataSource -
                HikariPool-1 - Start completed.
2026-09-07 23:10:01.298 [restartedMain] WARN  org.hibernate.orm.deprecation -
                HHH90000025: PostgreSQLDialect does not need to be specified explicitly using 'hibernate.dialect' (remove the property setting and it will be selected by default)
2026-09-07 23:10:01.515 [restartedMain] INFO  o.h.e.c.i.m.AuditMetadataGenerator -
                Adding properties for entity: com.springAlura.springAlura.domain.model.Plataforma
2026-09-07 23:10:01.517 [restartedMain] INFO  o.h.e.c.i.m.AuditMetadataGenerator -
                Adding properties for entity: com.springAlura.springAlura.domain.model.Categoria
2026-09-07 23:10:01.517 [restartedMain] INFO  o.h.e.c.i.m.AuditMetadataGenerator -
                Adding properties for entity: com.springAlura.springAlura.domain.model.Usuario
2026-09-07 23:10:01.517 [restartedMain] INFO  o.h.e.c.i.m.AuditMetadataGenerator -
                Adding properties for entity: com.springAlura.springAlura.domain.model.Serie
2026-09-07 23:10:01.517 [restartedMain] INFO  o.h.e.c.i.m.AuditMetadataGenerator -
                Adding properties for entity: com.springAlura.springAlura.domain.model.Streaming
2026-09-07 23:10:02.220 [restartedMain] INFO  o.h.e.t.j.p.i.JtaPlatformInitiator -
                HHH000489: No JTA platform available (set 'hibernate.transaction.jta.platform' to enable JTA platform integration)
2026-09-07 23:10:02.411 [restartedMain] INFO  o.s.o.j.LocalContainerEntityManagerFactoryBean -
                Initialized JPA EntityManagerFactory for persistence unit 'default'
2026-09-07 23:10:02.639 [restartedMain] INFO  o.s.s.c.a.a.c.InitializeUserDetailsBeanManagerConfigurer$InitializeUserDetailsManagerConfigurer -
                Global AuthenticationManager configured with UserDetailsService bean with name authConfig
2026-09-07 23:10:02.704 [restartedMain] INFO  o.s.d.j.r.query.QueryEnhancerFactory -
                Hibernate is in classpath; If applicable, HQL parser will be used.
2026-09-07 23:10:02.976 [restartedMain] WARN  o.s.b.a.o.j.JpaBaseConfiguration$JpaWebConfiguration -
                spring.jpa.open-in-view is enabled by default. Therefore, database queries may be performed during view rendering. Explicitly configure spring.jpa.open-in-view to disable this warning
2026-09-07 23:10:03.336 [restartedMain] INFO  o.s.b.d.a.OptionalLiveReloadServer -
                LiveReload server is running on port 35729
2026-09-07 23:10:03.367 [restartedMain] INFO  o.s.b.w.e.tomcat.TomcatWebServer -
                Tomcat started on port 8080 (http) with context path '/'
2026-09-07 23:10:03.375 [restartedMain] INFO  c.s.s.SpringAluraApplication -
                Started SpringAluraApplication in 4.31 seconds (process running for 4.678)
2026-09-07 23:10:09.406 [http-nio-8080-exec-1] INFO  o.a.c.c.C.[Tomcat].[localhost].[/] -
                Initializing Spring DispatcherServlet 'dispatcherServlet'
2026-09-07 23:10:09.406 [http-nio-8080-exec-1] INFO  o.s.web.servlet.DispatcherServlet -
                Initializing Servlet 'dispatcherServlet'
2026-09-07 23:10:09.406 [http-nio-8080-exec-1] INFO  o.s.web.servlet.DispatcherServlet -
                Completed initialization in 0 ms
2026-09-07 23:11:15.369 [SpringApplicationShutdownHook] INFO  o.s.o.j.LocalContainerEntityManagerFactoryBean -
                Closing JPA EntityManagerFactory for persistence unit 'default'
2026-09-07 23:11:15.372 [SpringApplicationShutdownHook] INFO  com.zaxxer.hikari.HikariDataSource -
                HikariPool-1 - Shutdown initiated...
2026-09-07 23:11:15.374 [SpringApplicationShutdownHook] INFO  com.zaxxer.hikari.HikariDataSource -
                HikariPool-1 - Shutdown completed.
2026-09-07 23:11:29.563 [restartedMain] INFO  c.s.s.SpringAluraApplication -
                Starting SpringAluraApplication using Java 17.0.20 with PID 2876 (D:\Projetos\springAlura\target\classes started by Javan in D:\Projetos\springAlura)
2026-09-07 23:11:29.564 [restartedMain] DEBUG c.s.s.SpringAluraApplication -
                Running with Spring Boot v3.3.3, Spring v6.1.12
2026-09-07 23:11:29.565 [restartedMain] INFO  c.s.s.SpringAluraApplication -
                No active profile set, falling back to 1 default profile: "default"
2026-09-07 23:11:29.597 [restartedMain] INFO  o.s.b.d.e.DevToolsPropertyDefaultsPostProcessor -
                Devtools property defaults active! Set 'spring.devtools.add-properties' to 'false' to disable
2026-09-07 23:11:29.598 [restartedMain] INFO  o.s.b.d.e.DevToolsPropertyDefaultsPostProcessor -
                For additional web related logging consider setting the 'logging.level.web' property to 'DEBUG'
2026-09-07 23:11:30.243 [restartedMain] INFO  o.s.d.r.c.RepositoryConfigurationDelegate -
                Bootstrapping Spring Data JPA repositories in DEFAULT mode.
2026-09-07 23:11:30.291 [restartedMain] INFO  o.s.d.r.c.RepositoryConfigurationDelegate -
                Finished Spring Data repository scanning in 43 ms. Found 5 JPA repository interfaces.
2026-09-07 23:11:30.765 [restartedMain] INFO  o.s.b.w.e.tomcat.TomcatWebServer -
                Tomcat initialized with port 8080 (http)
2026-09-07 23:11:30.775 [restartedMain] INFO  o.a.catalina.core.StandardService -
                Starting service [Tomcat]
2026-09-07 23:11:30.775 [restartedMain] INFO  o.a.catalina.core.StandardEngine -
                Starting Servlet engine: [Apache Tomcat/10.1.28]
2026-09-07 23:11:30.817 [restartedMain] INFO  o.a.c.c.C.[Tomcat].[localhost].[/] -
                Initializing Spring embedded WebApplicationContext
2026-09-07 23:11:30.817 [restartedMain] INFO  o.s.b.w.s.c.ServletWebServerApplicationContext -
                Root WebApplicationContext: initialization completed in 1219 ms
2026-09-07 23:11:30.850 [restartedMain] DEBUG c.s.s.configs.SecurityFilter -
                Filter 'securityFilter' configured for use
2026-09-07 23:11:30.917 [restartedMain] INFO  o.h.jpa.internal.util.LogHelper -
                HHH000204: Processing PersistenceUnitInfo [name: default]
2026-09-07 23:11:30.969 [restartedMain] INFO  org.hibernate.Version -
                HHH000412: Hibernate ORM core version 6.5.2.Final
2026-09-07 23:11:30.998 [restartedMain] INFO  o.h.c.i.RegionFactoryInitiator -
                HHH000026: Second-level cache disabled
2026-09-07 23:11:31.062 [restartedMain] INFO  o.h.e.b.internal.EnversServiceImpl -
                Envers integration enabled? : true
2026-09-07 23:11:31.214 [restartedMain] INFO  o.s.o.j.p.SpringPersistenceUnitInfo -
                No LoadTimeWeaver setup: ignoring JPA class transformer
2026-09-07 23:11:31.233 [restartedMain] INFO  com.zaxxer.hikari.HikariDataSource -
                HikariPool-1 - Starting...
2026-09-07 23:11:31.409 [restartedMain] INFO  com.zaxxer.hikari.pool.HikariPool -
                HikariPool-1 - Added connection org.postgresql.jdbc.PgConnection@41b1369d
2026-09-07 23:11:31.410 [restartedMain] INFO  com.zaxxer.hikari.HikariDataSource -
                HikariPool-1 - Start completed.
2026-09-07 23:11:31.437 [restartedMain] WARN  org.hibernate.orm.deprecation -
                HHH90000025: PostgreSQLDialect does not need to be specified explicitly using 'hibernate.dialect' (remove the property setting and it will be selected by default)
2026-09-07 23:11:31.647 [restartedMain] INFO  o.h.e.c.i.m.AuditMetadataGenerator -
                Adding properties for entity: com.springAlura.springAlura.domain.model.Plataforma
2026-09-07 23:11:31.649 [restartedMain] INFO  o.h.e.c.i.m.AuditMetadataGenerator -
                Adding properties for entity: com.springAlura.springAlura.domain.model.Categoria
2026-09-07 23:11:31.649 [restartedMain] INFO  o.h.e.c.i.m.AuditMetadataGenerator -
                Adding properties for entity: com.springAlura.springAlura.domain.model.Usuario
2026-09-07 23:11:31.650 [restartedMain] INFO  o.h.e.c.i.m.AuditMetadataGenerator -
                Adding properties for entity: com.springAlura.springAlura.domain.model.Serie
2026-09-07 23:11:31.650 [restartedMain] INFO  o.h.e.c.i.m.AuditMetadataGenerator -
                Adding properties for entity: com.springAlura.springAlura.domain.model.Streaming
2026-09-07 23:11:32.335 [restartedMain] INFO  o.h.e.t.j.p.i.JtaPlatformInitiator -
                HHH000489: No JTA platform available (set 'hibernate.transaction.jta.platform' to enable JTA platform integration)
2026-09-07 23:11:32.524 [restartedMain] INFO  o.s.o.j.LocalContainerEntityManagerFactoryBean -
                Initialized JPA EntityManagerFactory for persistence unit 'default'
2026-09-07 23:11:32.747 [restartedMain] INFO  o.s.s.c.a.a.c.InitializeUserDetailsBeanManagerConfigurer$InitializeUserDetailsManagerConfigurer -
                Global AuthenticationManager configured with UserDetailsService bean with name authConfig
2026-09-07 23:11:32.804 [restartedMain] INFO  o.s.d.j.r.query.QueryEnhancerFactory -
                Hibernate is in classpath; If applicable, HQL parser will be used.
2026-09-07 23:11:33.071 [restartedMain] WARN  o.s.b.a.o.j.JpaBaseConfiguration$JpaWebConfiguration -
                spring.jpa.open-in-view is enabled by default. Therefore, database queries may be performed during view rendering. Explicitly configure spring.jpa.open-in-view to disable this warning
2026-09-07 23:11:33.242 [restartedMain] WARN  o.s.s.c.a.web.builders.WebSecurity -
                You are asking Spring Security to ignore Deferred [Mvc [pattern='/v3/api-docs/**'], Ant [pattern='/v3/api-docs/**']]. This is not recommended -- please use permitAll via HttpSecurity#authorizeHttpRequests instead.
2026-09-07 23:11:33.244 [restartedMain] WARN  o.s.s.c.a.web.builders.WebSecurity -
                You are asking Spring Security to ignore Deferred [Mvc [pattern='/swagger-ui/**'], Ant [pattern='/swagger-ui/**']]. This is not recommended -- please use permitAll via HttpSecurity#authorizeHttpRequests instead.
2026-09-07 23:11:33.244 [restartedMain] WARN  o.s.s.c.a.web.builders.WebSecurity -
                You are asking Spring Security to ignore Deferred [Mvc [pattern='/swagger-ui.html'], Ant [pattern='/swagger-ui.html']]. This is not recommended -- please use permitAll via HttpSecurity#authorizeHttpRequests instead.
2026-09-07 23:11:33.244 [restartedMain] WARN  o.s.s.c.a.web.builders.WebSecurity -
                You are asking Spring Security to ignore Deferred [Mvc [pattern='/favicon.ico'], Ant [pattern='/favicon.ico']]. This is not recommended -- please use permitAll via HttpSecurity#authorizeHttpRequests instead.
2026-09-07 23:11:33.432 [restartedMain] INFO  o.s.b.d.a.OptionalLiveReloadServer -
                LiveReload server is running on port 35729
2026-09-07 23:11:33.457 [restartedMain] INFO  o.s.b.w.e.tomcat.TomcatWebServer -
                Tomcat started on port 8080 (http) with context path '/'
2026-09-07 23:11:33.464 [restartedMain] INFO  c.s.s.SpringAluraApplication -
                Started SpringAluraApplication in 4.287 seconds (process running for 4.67)
2026-09-07 23:11:36.415 [http-nio-8080-exec-1] INFO  o.a.c.c.C.[Tomcat].[localhost].[/] -
                Initializing Spring DispatcherServlet 'dispatcherServlet'
2026-09-07 23:11:36.415 [http-nio-8080-exec-1] INFO  o.s.web.servlet.DispatcherServlet -
                Initializing Servlet 'dispatcherServlet'
2026-09-07 23:11:36.418 [http-nio-8080-exec-1] INFO  o.s.web.servlet.DispatcherServlet -
                Completed initialization in 1 ms
2026-09-07 23:11:36.584 [http-nio-8080-exec-2] WARN  o.s.w.s.m.m.a.ExceptionHandlerExceptionResolver -
                Resolved [org.springframework.web.servlet.resource.NoResourceFoundException: No static resource favicon.ico.]
2026-09-07 23:13:39.902 [http-nio-8080-exec-2] INFO  o.s.api.AbstractOpenApiResource -
                Init duration for springdoc-openapi is: 415 ms
2026-09-07 23:14:48.402 [SpringApplicationShutdownHook] INFO  o.s.o.j.LocalContainerEntityManagerFactoryBean -
                Closing JPA EntityManagerFactory for persistence unit 'default'
2026-09-07 23:14:48.407 [SpringApplicationShutdownHook] INFO  com.zaxxer.hikari.HikariDataSource -
                HikariPool-1 - Shutdown initiated...
2026-09-07 23:14:48.410 [SpringApplicationShutdownHook] INFO  com.zaxxer.hikari.HikariDataSource -
                HikariPool-1 - Shutdown completed.
2026-09-07 23:14:51.427 [restartedMain] INFO  c.s.s.SpringAluraApplication -
                Starting SpringAluraApplication using Java 17.0.20 with PID 16568 (D:\Projetos\springAlura\target\classes started by Javan in D:\Projetos\springAlura)
2026-09-07 23:14:51.428 [restartedMain] DEBUG c.s.s.SpringAluraApplication -
                Running with Spring Boot v3.3.3, Spring v6.1.12
2026-09-07 23:14:51.429 [restartedMain] INFO  c.s.s.SpringAluraApplication -
                No active profile set, falling back to 1 default profile: "default"
2026-09-07 23:14:51.463 [restartedMain] INFO  o.s.b.d.e.DevToolsPropertyDefaultsPostProcessor -
                Devtools property defaults active! Set 'spring.devtools.add-properties' to 'false' to disable
2026-09-07 23:14:51.464 [restartedMain] INFO  o.s.b.d.e.DevToolsPropertyDefaultsPostProcessor -
                For additional web related logging consider setting the 'logging.level.web' property to 'DEBUG'
2026-09-07 23:14:52.147 [restartedMain] INFO  o.s.d.r.c.RepositoryConfigurationDelegate -
                Bootstrapping Spring Data JPA repositories in DEFAULT mode.
2026-09-07 23:14:52.198 [restartedMain] INFO  o.s.d.r.c.RepositoryConfigurationDelegate -
                Finished Spring Data repository scanning in 46 ms. Found 5 JPA repository interfaces.
2026-09-07 23:14:52.735 [restartedMain] INFO  o.s.b.w.e.tomcat.TomcatWebServer -
                Tomcat initialized with port 8080 (http)
2026-09-07 23:14:52.749 [restartedMain] INFO  o.a.catalina.core.StandardService -
                Starting service [Tomcat]
2026-09-07 23:14:52.749 [restartedMain] INFO  o.a.catalina.core.StandardEngine -
                Starting Servlet engine: [Apache Tomcat/10.1.28]
2026-09-07 23:14:52.792 [restartedMain] INFO  o.a.c.c.C.[Tomcat].[localhost].[/] -
                Initializing Spring embedded WebApplicationContext
2026-09-07 23:14:52.793 [restartedMain] INFO  o.s.b.w.s.c.ServletWebServerApplicationContext -
                Root WebApplicationContext: initialization completed in 1329 ms
2026-09-07 23:14:52.827 [restartedMain] DEBUG c.s.s.configs.SecurityFilter -
                Filter 'securityFilter' configured for use
2026-09-07 23:14:52.895 [restartedMain] INFO  o.h.jpa.internal.util.LogHelper -
                HHH000204: Processing PersistenceUnitInfo [name: default]
2026-09-07 23:14:52.945 [restartedMain] INFO  org.hibernate.Version -
                HHH000412: Hibernate ORM core version 6.5.2.Final
2026-09-07 23:14:52.975 [restartedMain] INFO  o.h.c.i.RegionFactoryInitiator -
                HHH000026: Second-level cache disabled
2026-09-07 23:14:53.040 [restartedMain] INFO  o.h.e.b.internal.EnversServiceImpl -
                Envers integration enabled? : true
2026-09-07 23:14:53.190 [restartedMain] INFO  o.s.o.j.p.SpringPersistenceUnitInfo -
                No LoadTimeWeaver setup: ignoring JPA class transformer
2026-09-07 23:14:53.209 [restartedMain] INFO  com.zaxxer.hikari.HikariDataSource -
                HikariPool-1 - Starting...
2026-09-07 23:14:53.334 [restartedMain] INFO  com.zaxxer.hikari.pool.HikariPool -
                HikariPool-1 - Added connection org.postgresql.jdbc.PgConnection@313cd66f
2026-09-07 23:14:53.335 [restartedMain] INFO  com.zaxxer.hikari.HikariDataSource -
                HikariPool-1 - Start completed.
2026-09-07 23:14:53.361 [restartedMain] WARN  org.hibernate.orm.deprecation -
                HHH90000025: PostgreSQLDialect does not need to be specified explicitly using 'hibernate.dialect' (remove the property setting and it will be selected by default)
2026-09-07 23:14:53.574 [restartedMain] INFO  o.h.e.c.i.m.AuditMetadataGenerator -
                Adding properties for entity: com.springAlura.springAlura.domain.model.Plataforma
2026-09-07 23:14:53.576 [restartedMain] INFO  o.h.e.c.i.m.AuditMetadataGenerator -
                Adding properties for entity: com.springAlura.springAlura.domain.model.Categoria
2026-09-07 23:14:53.576 [restartedMain] INFO  o.h.e.c.i.m.AuditMetadataGenerator -
                Adding properties for entity: com.springAlura.springAlura.domain.model.Usuario
2026-09-07 23:14:53.576 [restartedMain] INFO  o.h.e.c.i.m.AuditMetadataGenerator -
                Adding properties for entity: com.springAlura.springAlura.domain.model.Serie
2026-09-07 23:14:53.577 [restartedMain] INFO  o.h.e.c.i.m.AuditMetadataGenerator -
                Adding properties for entity: com.springAlura.springAlura.domain.model.Streaming
2026-09-07 23:14:54.269 [restartedMain] INFO  o.h.e.t.j.p.i.JtaPlatformInitiator -
                HHH000489: No JTA platform available (set 'hibernate.transaction.jta.platform' to enable JTA platform integration)
2026-09-07 23:14:54.462 [restartedMain] INFO  o.s.o.j.LocalContainerEntityManagerFactoryBean -
                Initialized JPA EntityManagerFactory for persistence unit 'default'
2026-09-07 23:14:54.686 [restartedMain] INFO  o.s.s.c.a.a.c.InitializeUserDetailsBeanManagerConfigurer$InitializeUserDetailsManagerConfigurer -
                Global AuthenticationManager configured with UserDetailsService bean with name authConfig
2026-09-07 23:14:54.740 [restartedMain] INFO  o.s.d.j.r.query.QueryEnhancerFactory -
                Hibernate is in classpath; If applicable, HQL parser will be used.
2026-09-07 23:14:55.014 [restartedMain] WARN  o.s.b.a.o.j.JpaBaseConfiguration$JpaWebConfiguration -
                spring.jpa.open-in-view is enabled by default. Therefore, database queries may be performed during view rendering. Explicitly configure spring.jpa.open-in-view to disable this warning
2026-09-07 23:14:55.182 [restartedMain] WARN  o.s.s.c.a.web.builders.WebSecurity -
                You are asking Spring Security to ignore Deferred [Mvc [pattern='/v3/api-docs/**'], Ant [pattern='/v3/api-docs/**']]. This is not recommended -- please use permitAll via HttpSecurity#authorizeHttpRequests instead.
2026-09-07 23:14:55.183 [restartedMain] WARN  o.s.s.c.a.web.builders.WebSecurity -
                You are asking Spring Security to ignore Deferred [Mvc [pattern='/swagger-ui/**'], Ant [pattern='/swagger-ui/**']]. This is not recommended -- please use permitAll via HttpSecurity#authorizeHttpRequests instead.
2026-09-07 23:14:55.183 [restartedMain] WARN  o.s.s.c.a.web.builders.WebSecurity -
                You are asking Spring Security to ignore Deferred [Mvc [pattern='/swagger-ui.html'], Ant [pattern='/swagger-ui.html']]. This is not recommended -- please use permitAll via HttpSecurity#authorizeHttpRequests instead.
2026-09-07 23:14:55.183 [restartedMain] WARN  o.s.s.c.a.web.builders.WebSecurity -
                You are asking Spring Security to ignore Deferred [Mvc [pattern='/favicon.ico'], Ant [pattern='/favicon.ico']]. This is not recommended -- please use permitAll via HttpSecurity#authorizeHttpRequests instead.
2026-09-07 23:14:55.405 [restartedMain] INFO  o.s.b.d.a.OptionalLiveReloadServer -
                LiveReload server is running on port 35729
2026-09-07 23:14:55.433 [restartedMain] INFO  o.s.b.w.e.tomcat.TomcatWebServer -
                Tomcat started on port 8080 (http) with context path '/'
2026-09-07 23:14:55.441 [restartedMain] INFO  c.s.s.SpringAluraApplication -
                Started SpringAluraApplication in 4.404 seconds (process running for 4.797)
2026-09-07 23:15:01.204 [http-nio-8080-exec-1] INFO  o.a.c.c.C.[Tomcat].[localhost].[/] -
                Initializing Spring DispatcherServlet 'dispatcherServlet'
2026-09-07 23:15:01.204 [http-nio-8080-exec-1] INFO  o.s.web.servlet.DispatcherServlet -
                Initializing Servlet 'dispatcherServlet'
2026-09-07 23:15:01.206 [http-nio-8080-exec-1] INFO  o.s.web.servlet.DispatcherServlet -
                Completed initialization in 2 ms
2026-09-07 23:15:01.865 [http-nio-8080-exec-5] INFO  o.s.api.AbstractOpenApiResource -
                Init duration for springdoc-openapi is: 444 ms
2026-09-07 23:17:39.828 [SpringApplicationShutdownHook] INFO  o.s.o.j.LocalContainerEntityManagerFactoryBean -
                Closing JPA EntityManagerFactory for persistence unit 'default'
2026-09-07 23:17:39.830 [SpringApplicationShutdownHook] INFO  com.zaxxer.hikari.HikariDataSource -
                HikariPool-1 - Shutdown initiated...
2026-09-07 23:17:39.833 [SpringApplicationShutdownHook] INFO  com.zaxxer.hikari.HikariDataSource -
                HikariPool-1 - Shutdown completed.
2026-09-07 23:17:42.872 [restartedMain] INFO  c.s.s.SpringAluraApplication -
                Starting SpringAluraApplication using Java 17.0.20 with PID 17072 (D:\Projetos\springAlura\target\classes started by Javan in D:\Projetos\springAlura)
2026-09-07 23:17:42.874 [restartedMain] DEBUG c.s.s.SpringAluraApplication -
                Running with Spring Boot v3.3.3, Spring v6.1.12
2026-09-07 23:17:42.874 [restartedMain] INFO  c.s.s.SpringAluraApplication -
                No active profile set, falling back to 1 default profile: "default"
2026-09-07 23:17:42.910 [restartedMain] INFO  o.s.b.d.e.DevToolsPropertyDefaultsPostProcessor -
                Devtools property defaults active! Set 'spring.devtools.add-properties' to 'false' to disable
2026-09-07 23:17:42.910 [restartedMain] INFO  o.s.b.d.e.DevToolsPropertyDefaultsPostProcessor -
                For additional web related logging consider setting the 'logging.level.web' property to 'DEBUG'
2026-09-07 23:17:43.554 [restartedMain] INFO  o.s.d.r.c.RepositoryConfigurationDelegate -
                Bootstrapping Spring Data JPA repositories in DEFAULT mode.
2026-09-07 23:17:43.604 [restartedMain] INFO  o.s.d.r.c.RepositoryConfigurationDelegate -
                Finished Spring Data repository scanning in 45 ms. Found 5 JPA repository interfaces.
2026-09-07 23:17:44.097 [restartedMain] INFO  o.s.b.w.e.tomcat.TomcatWebServer -
                Tomcat initialized with port 8080 (http)
2026-09-07 23:17:44.107 [restartedMain] INFO  o.a.catalina.core.StandardService -
                Starting service [Tomcat]
2026-09-07 23:17:44.107 [restartedMain] INFO  o.a.catalina.core.StandardEngine -
                Starting Servlet engine: [Apache Tomcat/10.1.28]
2026-09-07 23:17:44.152 [restartedMain] INFO  o.a.c.c.C.[Tomcat].[localhost].[/] -
                Initializing Spring embedded WebApplicationContext
2026-09-07 23:17:44.152 [restartedMain] INFO  o.s.b.w.s.c.ServletWebServerApplicationContext -
                Root WebApplicationContext: initialization completed in 1242 ms
2026-09-07 23:17:44.187 [restartedMain] DEBUG c.s.s.configs.SecurityFilter -
                Filter 'securityFilter' configured for use
2026-09-07 23:17:44.255 [restartedMain] INFO  o.h.jpa.internal.util.LogHelper -
                HHH000204: Processing PersistenceUnitInfo [name: default]
2026-09-07 23:17:44.307 [restartedMain] INFO  org.hibernate.Version -
                HHH000412: Hibernate ORM core version 6.5.2.Final
2026-09-07 23:17:44.335 [restartedMain] INFO  o.h.c.i.RegionFactoryInitiator -
                HHH000026: Second-level cache disabled
2026-09-07 23:17:44.401 [restartedMain] INFO  o.h.e.b.internal.EnversServiceImpl -
                Envers integration enabled? : true
2026-09-07 23:17:44.555 [restartedMain] INFO  o.s.o.j.p.SpringPersistenceUnitInfo -
                No LoadTimeWeaver setup: ignoring JPA class transformer
2026-09-07 23:17:44.575 [restartedMain] INFO  com.zaxxer.hikari.HikariDataSource -
                HikariPool-1 - Starting...
2026-09-07 23:17:44.701 [restartedMain] INFO  com.zaxxer.hikari.pool.HikariPool -
                HikariPool-1 - Added connection org.postgresql.jdbc.PgConnection@ca0b3f0
2026-09-07 23:17:44.702 [restartedMain] INFO  com.zaxxer.hikari.HikariDataSource -
                HikariPool-1 - Start completed.
2026-09-07 23:17:44.728 [restartedMain] WARN  org.hibernate.orm.deprecation -
                HHH90000025: PostgreSQLDialect does not need to be specified explicitly using 'hibernate.dialect' (remove the property setting and it will be selected by default)
2026-09-07 23:17:44.950 [restartedMain] INFO  o.h.e.c.i.m.AuditMetadataGenerator -
                Adding properties for entity: com.springAlura.springAlura.domain.model.Plataforma
2026-09-07 23:17:44.952 [restartedMain] INFO  o.h.e.c.i.m.AuditMetadataGenerator -
                Adding properties for entity: com.springAlura.springAlura.domain.model.Categoria
2026-09-07 23:17:44.952 [restartedMain] INFO  o.h.e.c.i.m.AuditMetadataGenerator -
                Adding properties for entity: com.springAlura.springAlura.domain.model.Usuario
2026-09-07 23:17:44.952 [restartedMain] INFO  o.h.e.c.i.m.AuditMetadataGenerator -
                Adding properties for entity: com.springAlura.springAlura.domain.model.Serie
2026-09-07 23:17:44.952 [restartedMain] INFO  o.h.e.c.i.m.AuditMetadataGenerator -
                Adding properties for entity: com.springAlura.springAlura.domain.model.Streaming
2026-09-07 23:17:45.660 [restartedMain] INFO  o.h.e.t.j.p.i.JtaPlatformInitiator -
                HHH000489: No JTA platform available (set 'hibernate.transaction.jta.platform' to enable JTA platform integration)
2026-09-07 23:17:45.853 [restartedMain] INFO  o.s.o.j.LocalContainerEntityManagerFactoryBean -
                Initialized JPA EntityManagerFactory for persistence unit 'default'
2026-09-07 23:17:46.091 [restartedMain] INFO  o.s.s.c.a.a.c.InitializeUserDetailsBeanManagerConfigurer$InitializeUserDetailsManagerConfigurer -
                Global AuthenticationManager configured with UserDetailsService bean with name authConfig
2026-09-07 23:17:46.151 [restartedMain] INFO  o.s.d.j.r.query.QueryEnhancerFactory -
                Hibernate is in classpath; If applicable, HQL parser will be used.
2026-09-07 23:17:46.420 [restartedMain] WARN  o.s.b.a.o.j.JpaBaseConfiguration$JpaWebConfiguration -
                spring.jpa.open-in-view is enabled by default. Therefore, database queries may be performed during view rendering. Explicitly configure spring.jpa.open-in-view to disable this warning
2026-09-07 23:17:46.588 [restartedMain] WARN  o.s.s.c.a.web.builders.WebSecurity -
                You are asking Spring Security to ignore Deferred [Mvc [pattern='/v3/api-docs/**'], Ant [pattern='/v3/api-docs/**']]. This is not recommended -- please use permitAll via HttpSecurity#authorizeHttpRequests instead.
2026-09-07 23:17:46.588 [restartedMain] WARN  o.s.s.c.a.web.builders.WebSecurity -
                You are asking Spring Security to ignore Deferred [Mvc [pattern='/swagger-ui/**'], Ant [pattern='/swagger-ui/**']]. This is not recommended -- please use permitAll via HttpSecurity#authorizeHttpRequests instead.
2026-09-07 23:17:46.588 [restartedMain] WARN  o.s.s.c.a.web.builders.WebSecurity -
                You are asking Spring Security to ignore Deferred [Mvc [pattern='/swagger-ui.html'], Ant [pattern='/swagger-ui.html']]. This is not recommended -- please use permitAll via HttpSecurity#authorizeHttpRequests instead.
2026-09-07 23:17:46.588 [restartedMain] WARN  o.s.s.c.a.web.builders.WebSecurity -
                You are asking Spring Security to ignore Deferred [Mvc [pattern='/favicon.ico'], Ant [pattern='/favicon.ico']]. This is not recommended -- please use permitAll via HttpSecurity#authorizeHttpRequests instead.
2026-09-07 23:17:46.783 [restartedMain] INFO  o.s.b.d.a.OptionalLiveReloadServer -
                LiveReload server is running on port 35729
2026-09-07 23:17:46.809 [restartedMain] INFO  o.s.b.w.e.tomcat.TomcatWebServer -
                Tomcat started on port 8080 (http) with context path '/'
2026-09-07 23:17:46.817 [restartedMain] INFO  c.s.s.SpringAluraApplication -
                Started SpringAluraApplication in 4.337 seconds (process running for 4.715)
2026-09-07 23:17:49.834 [http-nio-8080-exec-1] INFO  o.a.c.c.C.[Tomcat].[localhost].[/] -
                Initializing Spring DispatcherServlet 'dispatcherServlet'
2026-09-07 23:17:49.834 [http-nio-8080-exec-1] INFO  o.s.web.servlet.DispatcherServlet -
                Initializing Servlet 'dispatcherServlet'
2026-09-07 23:17:49.836 [http-nio-8080-exec-1] INFO  o.s.web.servlet.DispatcherServlet -
                Completed initialization in 1 ms
2026-09-07 23:17:50.453 [http-nio-8080-exec-4] INFO  o.s.api.AbstractOpenApiResource -
                Init duration for springdoc-openapi is: 465 ms
2026-09-07 23:20:25.616 [SpringApplicationShutdownHook] INFO  o.s.o.j.LocalContainerEntityManagerFactoryBean -
                Closing JPA EntityManagerFactory for persistence unit 'default'
2026-09-07 23:20:25.618 [SpringApplicationShutdownHook] INFO  com.zaxxer.hikari.HikariDataSource -
                HikariPool-1 - Shutdown initiated...
2026-09-07 23:20:25.621 [SpringApplicationShutdownHook] INFO  com.zaxxer.hikari.HikariDataSource -
                HikariPool-1 - Shutdown completed.
2026-09-07 23:20:28.994 [restartedMain] INFO  c.s.s.SpringAluraApplication -
                Starting SpringAluraApplication using Java 17.0.20 with PID 6064 (D:\Projetos\springAlura\target\classes started by Javan in D:\Projetos\springAlura)
2026-09-07 23:20:28.996 [restartedMain] DEBUG c.s.s.SpringAluraApplication -
                Running with Spring Boot v3.3.3, Spring v6.1.12
2026-09-07 23:20:28.997 [restartedMain] INFO  c.s.s.SpringAluraApplication -
                No active profile set, falling back to 1 default profile: "default"
2026-09-07 23:20:29.031 [restartedMain] INFO  o.s.b.d.e.DevToolsPropertyDefaultsPostProcessor -
                Devtools property defaults active! Set 'spring.devtools.add-properties' to 'false' to disable
2026-09-07 23:20:29.031 [restartedMain] INFO  o.s.b.d.e.DevToolsPropertyDefaultsPostProcessor -
                For additional web related logging consider setting the 'logging.level.web' property to 'DEBUG'
2026-09-07 23:20:29.697 [restartedMain] INFO  o.s.d.r.c.RepositoryConfigurationDelegate -
                Bootstrapping Spring Data JPA repositories in DEFAULT mode.
2026-09-07 23:20:29.752 [restartedMain] INFO  o.s.d.r.c.RepositoryConfigurationDelegate -
                Finished Spring Data repository scanning in 49 ms. Found 5 JPA repository interfaces.
2026-09-07 23:20:30.271 [restartedMain] INFO  o.s.b.w.e.tomcat.TomcatWebServer -
                Tomcat initialized with port 8080 (http)
2026-09-07 23:20:30.281 [restartedMain] INFO  o.a.catalina.core.StandardService -
                Starting service [Tomcat]
2026-09-07 23:20:30.281 [restartedMain] INFO  o.a.catalina.core.StandardEngine -
                Starting Servlet engine: [Apache Tomcat/10.1.28]
2026-09-07 23:20:30.324 [restartedMain] INFO  o.a.c.c.C.[Tomcat].[localhost].[/] -
                Initializing Spring embedded WebApplicationContext
2026-09-07 23:20:30.325 [restartedMain] INFO  o.s.b.w.s.c.ServletWebServerApplicationContext -
                Root WebApplicationContext: initialization completed in 1293 ms
2026-09-07 23:20:30.359 [restartedMain] DEBUG c.s.s.configs.SecurityFilter -
                Filter 'securityFilter' configured for use
2026-09-07 23:20:30.430 [restartedMain] INFO  o.h.jpa.internal.util.LogHelper -
                HHH000204: Processing PersistenceUnitInfo [name: default]
2026-09-07 23:20:30.483 [restartedMain] INFO  org.hibernate.Version -
                HHH000412: Hibernate ORM core version 6.5.2.Final
2026-09-07 23:20:30.513 [restartedMain] INFO  o.h.c.i.RegionFactoryInitiator -
                HHH000026: Second-level cache disabled
2026-09-07 23:20:30.580 [restartedMain] INFO  o.h.e.b.internal.EnversServiceImpl -
                Envers integration enabled? : true
2026-09-07 23:20:30.734 [restartedMain] INFO  o.s.o.j.p.SpringPersistenceUnitInfo -
                No LoadTimeWeaver setup: ignoring JPA class transformer
2026-09-07 23:20:30.754 [restartedMain] INFO  com.zaxxer.hikari.HikariDataSource -
                HikariPool-1 - Starting...
2026-09-07 23:20:30.888 [restartedMain] INFO  com.zaxxer.hikari.pool.HikariPool -
                HikariPool-1 - Added connection org.postgresql.jdbc.PgConnection@30c4675b
2026-09-07 23:20:30.889 [restartedMain] INFO  com.zaxxer.hikari.HikariDataSource -
                HikariPool-1 - Start completed.
2026-09-07 23:20:30.916 [restartedMain] WARN  org.hibernate.orm.deprecation -
                HHH90000025: PostgreSQLDialect does not need to be specified explicitly using 'hibernate.dialect' (remove the property setting and it will be selected by default)
2026-09-07 23:20:31.138 [restartedMain] INFO  o.h.e.c.i.m.AuditMetadataGenerator -
                Adding properties for entity: com.springAlura.springAlura.domain.model.Plataforma
2026-09-07 23:20:31.140 [restartedMain] INFO  o.h.e.c.i.m.AuditMetadataGenerator -
                Adding properties for entity: com.springAlura.springAlura.domain.model.Categoria
2026-09-07 23:20:31.140 [restartedMain] INFO  o.h.e.c.i.m.AuditMetadataGenerator -
                Adding properties for entity: com.springAlura.springAlura.domain.model.Usuario
2026-09-07 23:20:31.140 [restartedMain] INFO  o.h.e.c.i.m.AuditMetadataGenerator -
                Adding properties for entity: com.springAlura.springAlura.domain.model.Serie
2026-09-07 23:20:31.141 [restartedMain] INFO  o.h.e.c.i.m.AuditMetadataGenerator -
                Adding properties for entity: com.springAlura.springAlura.domain.model.Streaming
2026-09-07 23:20:31.865 [restartedMain] INFO  o.h.e.t.j.p.i.JtaPlatformInitiator -
                HHH000489: No JTA platform available (set 'hibernate.transaction.jta.platform' to enable JTA platform integration)
2026-09-07 23:20:32.016 [restartedMain] INFO  o.s.o.j.LocalContainerEntityManagerFactoryBean -
                Initialized JPA EntityManagerFactory for persistence unit 'default'
2026-09-07 23:20:32.255 [restartedMain] INFO  o.s.s.c.a.a.c.InitializeUserDetailsBeanManagerConfigurer$InitializeUserDetailsManagerConfigurer -
                Global AuthenticationManager configured with UserDetailsService bean with name authConfig
2026-09-07 23:20:32.316 [restartedMain] INFO  o.s.d.j.r.query.QueryEnhancerFactory -
                Hibernate is in classpath; If applicable, HQL parser will be used.
2026-09-07 23:20:32.600 [restartedMain] WARN  o.s.b.a.o.j.JpaBaseConfiguration$JpaWebConfiguration -
                spring.jpa.open-in-view is enabled by default. Therefore, database queries may be performed during view rendering. Explicitly configure spring.jpa.open-in-view to disable this warning
2026-09-07 23:20:32.777 [restartedMain] WARN  o.s.s.c.a.web.builders.WebSecurity -
                You are asking Spring Security to ignore Deferred [Mvc [pattern='/v3/api-docs/**'], Ant [pattern='/v3/api-docs/**']]. This is not recommended -- please use permitAll via HttpSecurity#authorizeHttpRequests instead.
2026-09-07 23:20:32.778 [restartedMain] WARN  o.s.s.c.a.web.builders.WebSecurity -
                You are asking Spring Security to ignore Deferred [Mvc [pattern='/swagger-ui/**'], Ant [pattern='/swagger-ui/**']]. This is not recommended -- please use permitAll via HttpSecurity#authorizeHttpRequests instead.
2026-09-07 23:20:32.778 [restartedMain] WARN  o.s.s.c.a.web.builders.WebSecurity -
                You are asking Spring Security to ignore Deferred [Mvc [pattern='/swagger-ui.html'], Ant [pattern='/swagger-ui.html']]. This is not recommended -- please use permitAll via HttpSecurity#authorizeHttpRequests instead.
2026-09-07 23:20:32.778 [restartedMain] WARN  o.s.s.c.a.web.builders.WebSecurity -
                You are asking Spring Security to ignore Deferred [Mvc [pattern='/favicon.ico'], Ant [pattern='/favicon.ico']]. This is not recommended -- please use permitAll via HttpSecurity#authorizeHttpRequests instead.
2026-09-07 23:20:32.983 [restartedMain] INFO  o.s.b.d.a.OptionalLiveReloadServer -
                LiveReload server is running on port 35729
2026-09-07 23:20:33.009 [restartedMain] INFO  o.s.b.w.e.tomcat.TomcatWebServer -
                Tomcat started on port 8080 (http) with context path '/'
2026-09-07 23:20:33.016 [restartedMain] INFO  c.s.s.SpringAluraApplication -
                Started SpringAluraApplication in 4.434 seconds (process running for 4.812)
2026-09-07 23:20:36.308 [http-nio-8080-exec-1] INFO  o.a.c.c.C.[Tomcat].[localhost].[/] -
                Initializing Spring DispatcherServlet 'dispatcherServlet'
2026-09-07 23:20:36.308 [http-nio-8080-exec-1] INFO  o.s.web.servlet.DispatcherServlet -
                Initializing Servlet 'dispatcherServlet'
2026-09-07 23:20:36.310 [http-nio-8080-exec-1] INFO  o.s.web.servlet.DispatcherServlet -
                Completed initialization in 2 ms
2026-09-07 23:20:36.937 [http-nio-8080-exec-4] INFO  o.s.api.AbstractOpenApiResource -
                Init duration for springdoc-openapi is: 453 ms
2026-09-07 23:22:06.692 [SpringApplicationShutdownHook] INFO  o.s.o.j.LocalContainerEntityManagerFactoryBean -
                Closing JPA EntityManagerFactory for persistence unit 'default'
2026-09-07 23:22:06.695 [SpringApplicationShutdownHook] INFO  com.zaxxer.hikari.HikariDataSource -
                HikariPool-1 - Shutdown initiated...
2026-09-07 23:22:06.698 [SpringApplicationShutdownHook] INFO  com.zaxxer.hikari.HikariDataSource -
                HikariPool-1 - Shutdown completed.
2026-09-07 23:22:09.667 [restartedMain] INFO  c.s.s.SpringAluraApplication -
                Starting SpringAluraApplication using Java 17.0.20 with PID 13780 (D:\Projetos\springAlura\target\classes started by Javan in D:\Projetos\springAlura)
2026-09-07 23:22:09.668 [restartedMain] DEBUG c.s.s.SpringAluraApplication -
                Running with Spring Boot v3.3.3, Spring v6.1.12
2026-09-07 23:22:09.669 [restartedMain] INFO  c.s.s.SpringAluraApplication -
                No active profile set, falling back to 1 default profile: "default"
2026-09-07 23:22:09.710 [restartedMain] INFO  o.s.b.d.e.DevToolsPropertyDefaultsPostProcessor -
                Devtools property defaults active! Set 'spring.devtools.add-properties' to 'false' to disable
2026-09-07 23:22:09.711 [restartedMain] INFO  o.s.b.d.e.DevToolsPropertyDefaultsPostProcessor -
                For additional web related logging consider setting the 'logging.level.web' property to 'DEBUG'
2026-09-07 23:22:10.366 [restartedMain] INFO  o.s.d.r.c.RepositoryConfigurationDelegate -
                Bootstrapping Spring Data JPA repositories in DEFAULT mode.
2026-09-07 23:22:10.421 [restartedMain] INFO  o.s.d.r.c.RepositoryConfigurationDelegate -
                Finished Spring Data repository scanning in 49 ms. Found 5 JPA repository interfaces.
2026-09-07 23:22:10.984 [restartedMain] INFO  o.s.b.w.e.tomcat.TomcatWebServer -
                Tomcat initialized with port 8080 (http)
2026-09-07 23:22:10.994 [restartedMain] INFO  o.a.catalina.core.StandardService -
                Starting service [Tomcat]
2026-09-07 23:22:10.995 [restartedMain] INFO  o.a.catalina.core.StandardEngine -
                Starting Servlet engine: [Apache Tomcat/10.1.28]
2026-09-07 23:22:11.039 [restartedMain] INFO  o.a.c.c.C.[Tomcat].[localhost].[/] -
                Initializing Spring embedded WebApplicationContext
2026-09-07 23:22:11.040 [restartedMain] INFO  o.s.b.w.s.c.ServletWebServerApplicationContext -
                Root WebApplicationContext: initialization completed in 1329 ms
2026-09-07 23:22:11.076 [restartedMain] DEBUG c.s.s.configs.SecurityFilter -
                Filter 'securityFilter' configured for use
2026-09-07 23:22:11.152 [restartedMain] INFO  o.h.jpa.internal.util.LogHelper -
                HHH000204: Processing PersistenceUnitInfo [name: default]
2026-09-07 23:22:11.207 [restartedMain] INFO  org.hibernate.Version -
                HHH000412: Hibernate ORM core version 6.5.2.Final
2026-09-07 23:22:11.236 [restartedMain] INFO  o.h.c.i.RegionFactoryInitiator -
                HHH000026: Second-level cache disabled
2026-09-07 23:22:11.302 [restartedMain] INFO  o.h.e.b.internal.EnversServiceImpl -
                Envers integration enabled? : true
2026-09-07 23:22:11.451 [restartedMain] INFO  o.s.o.j.p.SpringPersistenceUnitInfo -
                No LoadTimeWeaver setup: ignoring JPA class transformer
2026-09-07 23:22:11.471 [restartedMain] INFO  com.zaxxer.hikari.HikariDataSource -
                HikariPool-1 - Starting...
2026-09-07 23:22:11.604 [restartedMain] INFO  com.zaxxer.hikari.pool.HikariPool -
                HikariPool-1 - Added connection org.postgresql.jdbc.PgConnection@622a8f10
2026-09-07 23:22:11.605 [restartedMain] INFO  com.zaxxer.hikari.HikariDataSource -
                HikariPool-1 - Start completed.
2026-09-07 23:22:11.631 [restartedMain] WARN  org.hibernate.orm.deprecation -
                HHH90000025: PostgreSQLDialect does not need to be specified explicitly using 'hibernate.dialect' (remove the property setting and it will be selected by default)
2026-09-07 23:22:11.852 [restartedMain] INFO  o.h.e.c.i.m.AuditMetadataGenerator -
                Adding properties for entity: com.springAlura.springAlura.domain.model.Plataforma
2026-09-07 23:22:11.855 [restartedMain] INFO  o.h.e.c.i.m.AuditMetadataGenerator -
                Adding properties for entity: com.springAlura.springAlura.domain.model.Categoria
2026-09-07 23:22:11.855 [restartedMain] INFO  o.h.e.c.i.m.AuditMetadataGenerator -
                Adding properties for entity: com.springAlura.springAlura.domain.model.Usuario
2026-09-07 23:22:11.855 [restartedMain] INFO  o.h.e.c.i.m.AuditMetadataGenerator -
                Adding properties for entity: com.springAlura.springAlura.domain.model.Serie
2026-09-07 23:22:11.855 [restartedMain] INFO  o.h.e.c.i.m.AuditMetadataGenerator -
                Adding properties for entity: com.springAlura.springAlura.domain.model.Streaming
2026-09-07 23:22:12.572 [restartedMain] INFO  o.h.e.t.j.p.i.JtaPlatformInitiator -
                HHH000489: No JTA platform available (set 'hibernate.transaction.jta.platform' to enable JTA platform integration)
2026-09-07 23:22:12.737 [restartedMain] INFO  o.s.o.j.LocalContainerEntityManagerFactoryBean -
                Initialized JPA EntityManagerFactory for persistence unit 'default'
2026-09-07 23:22:12.975 [restartedMain] INFO  o.s.s.c.a.a.c.InitializeUserDetailsBeanManagerConfigurer$InitializeUserDetailsManagerConfigurer -
                Global AuthenticationManager configured with UserDetailsService bean with name authConfig
2026-09-07 23:22:13.037 [restartedMain] INFO  o.s.d.j.r.query.QueryEnhancerFactory -
                Hibernate is in classpath; If applicable, HQL parser will be used.
2026-09-07 23:22:13.313 [restartedMain] WARN  o.s.b.a.o.j.JpaBaseConfiguration$JpaWebConfiguration -
                spring.jpa.open-in-view is enabled by default. Therefore, database queries may be performed during view rendering. Explicitly configure spring.jpa.open-in-view to disable this warning
2026-09-07 23:22:13.487 [restartedMain] WARN  o.s.s.c.a.web.builders.WebSecurity -
                You are asking Spring Security to ignore Deferred [Mvc [pattern='/v3/api-docs/**'], Ant [pattern='/v3/api-docs/**']]. This is not recommended -- please use permitAll via HttpSecurity#authorizeHttpRequests instead.
2026-09-07 23:22:13.487 [restartedMain] WARN  o.s.s.c.a.web.builders.WebSecurity -
                You are asking Spring Security to ignore Deferred [Mvc [pattern='/swagger-ui/**'], Ant [pattern='/swagger-ui/**']]. This is not recommended -- please use permitAll via HttpSecurity#authorizeHttpRequests instead.
2026-09-07 23:22:13.487 [restartedMain] WARN  o.s.s.c.a.web.builders.WebSecurity -
                You are asking Spring Security to ignore Deferred [Mvc [pattern='/swagger-ui.html'], Ant [pattern='/swagger-ui.html']]. This is not recommended -- please use permitAll via HttpSecurity#authorizeHttpRequests instead.
2026-09-07 23:22:13.487 [restartedMain] WARN  o.s.s.c.a.web.builders.WebSecurity -
                You are asking Spring Security to ignore Deferred [Mvc [pattern='/favicon.ico'], Ant [pattern='/favicon.ico']]. This is not recommended -- please use permitAll via HttpSecurity#authorizeHttpRequests instead.
2026-09-07 23:22:13.686 [restartedMain] INFO  o.s.b.d.a.OptionalLiveReloadServer -
                LiveReload server is running on port 35729
2026-09-07 23:22:13.766 [restartedMain] INFO  o.s.b.w.e.tomcat.TomcatWebServer -
                Tomcat started on port 8080 (http) with context path '/'
2026-09-07 23:22:13.774 [restartedMain] INFO  c.s.s.SpringAluraApplication -
                Started SpringAluraApplication in 4.485 seconds (process running for 4.858)
2026-09-07 23:22:16.974 [http-nio-8080-exec-1] INFO  o.a.c.c.C.[Tomcat].[localhost].[/] -
                Initializing Spring DispatcherServlet 'dispatcherServlet'
2026-09-07 23:22:16.974 [http-nio-8080-exec-1] INFO  o.s.web.servlet.DispatcherServlet -
                Initializing Servlet 'dispatcherServlet'
2026-09-07 23:22:16.976 [http-nio-8080-exec-1] INFO  o.s.web.servlet.DispatcherServlet -
                Completed initialization in 2 ms
2026-09-07 23:22:17.574 [http-nio-8080-exec-4] INFO  o.s.api.AbstractOpenApiResource -
                Init duration for springdoc-openapi is: 440 ms
2026-09-07 23:24:38.135 [http-nio-8080-exec-7] INFO  c.s.s.api.controller.SerieController -
                Recebida a requisição GET para listar Séries
2026-09-07 23:24:38.135 [http-nio-8080-exec-7] DEBUG c.s.s.domain.service.SerieService -
                Acessando o repositório para buscar as séries ordenadas por ID.
2026-09-07 23:24:38.158 [http-nio-8080-exec-7] INFO  c.s.s.domain.service.SerieService -
                Busca de séries finalizada. Total de registros encontrados: 43
2026-09-07 23:29:02.812 [SpringApplicationShutdownHook] INFO  o.s.o.j.LocalContainerEntityManagerFactoryBean -
                Closing JPA EntityManagerFactory for persistence unit 'default'
2026-09-07 23:29:02.815 [SpringApplicationShutdownHook] INFO  com.zaxxer.hikari.HikariDataSource -
                HikariPool-1 - Shutdown initiated...
2026-09-07 23:29:02.817 [SpringApplicationShutdownHook] INFO  com.zaxxer.hikari.HikariDataSource -
                HikariPool-1 - Shutdown completed.
2026-09-07 23:29:05.950 [restartedMain] INFO  c.s.s.SpringAluraApplication -
                Starting SpringAluraApplication using Java 17.0.20 with PID 20204 (D:\Projetos\springAlura\target\classes started by Javan in D:\Projetos\springAlura)
2026-09-07 23:29:05.951 [restartedMain] DEBUG c.s.s.SpringAluraApplication -
                Running with Spring Boot v3.3.3, Spring v6.1.12
2026-09-07 23:29:05.952 [restartedMain] INFO  c.s.s.SpringAluraApplication -
                No active profile set, falling back to 1 default profile: "default"
2026-09-07 23:29:05.991 [restartedMain] INFO  o.s.b.d.e.DevToolsPropertyDefaultsPostProcessor -
                Devtools property defaults active! Set 'spring.devtools.add-properties' to 'false' to disable
2026-09-07 23:29:05.992 [restartedMain] INFO  o.s.b.d.e.DevToolsPropertyDefaultsPostProcessor -
                For additional web related logging consider setting the 'logging.level.web' property to 'DEBUG'
2026-09-07 23:29:06.471 [restartedMain] WARN  o.s.b.w.s.c.AnnotationConfigServletWebServerApplicationContext -
                Exception encountered during context initialization - cancelling refresh attempt: org.springframework.beans.factory.support.BeanDefinitionOverrideException: Invalid bean definition with name 'jpaAuditingHandler' defined in null: Cannot register bean definition [Root bean: class [org.springframework.data.auditing.AuditingHandler]; scope=; abstract=false; lazyInit=null; autowireMode=2; dependencyCheck=0; autowireCandidate=true; primary=false; factoryBeanName=null; factoryMethodName=from; initMethodNames=null; destroyMethodNames=null] for bean 'jpaAuditingHandler' since there is already [Root bean: class [org.springframework.data.auditing.AuditingHandler]; scope=; abstract=false; lazyInit=null; autowireMode=0; dependencyCheck=0; autowireCandidate=true; primary=false; factoryBeanName=null; factoryMethodName=from; initMethodNames=null; destroyMethodNames=null] bound.
2026-09-07 23:29:06.477 [restartedMain] INFO  o.s.b.a.l.ConditionEvaluationReportLogger -
                

Error starting ApplicationContext. To display the condition evaluation report re-run your application with 'debug' enabled.
2026-09-07 23:29:06.510 [restartedMain] ERROR o.s.b.d.LoggingFailureAnalysisReporter -
                

***************************
APPLICATION FAILED TO START
***************************

Description:

The bean 'jpaAuditingHandler' could not be registered. A bean with that name has already been defined and overriding is disabled.

Action:

Consider renaming one of the beans or enabling overriding by setting spring.main.allow-bean-definition-overriding=true

2026-09-07 23:30:08.557 [restartedMain] INFO  c.s.s.SpringAluraApplication -
                Starting SpringAluraApplication using Java 17.0.20 with PID 16168 (D:\Projetos\springAlura\target\classes started by Javan in D:\Projetos\springAlura)
2026-09-07 23:30:08.558 [restartedMain] DEBUG c.s.s.SpringAluraApplication -
                Running with Spring Boot v3.3.3, Spring v6.1.12
2026-09-07 23:30:08.559 [restartedMain] INFO  c.s.s.SpringAluraApplication -
                No active profile set, falling back to 1 default profile: "default"
2026-09-07 23:30:08.599 [restartedMain] INFO  o.s.b.d.e.DevToolsPropertyDefaultsPostProcessor -
                Devtools property defaults active! Set 'spring.devtools.add-properties' to 'false' to disable
2026-09-07 23:30:08.599 [restartedMain] INFO  o.s.b.d.e.DevToolsPropertyDefaultsPostProcessor -
                For additional web related logging consider setting the 'logging.level.web' property to 'DEBUG'
2026-09-07 23:30:09.251 [restartedMain] INFO  o.s.d.r.c.RepositoryConfigurationDelegate -
                Bootstrapping Spring Data JPA repositories in DEFAULT mode.
2026-09-07 23:30:09.301 [restartedMain] INFO  o.s.d.r.c.RepositoryConfigurationDelegate -
                Finished Spring Data repository scanning in 45 ms. Found 5 JPA repository interfaces.
2026-09-07 23:30:09.791 [restartedMain] INFO  o.s.b.w.e.tomcat.TomcatWebServer -
                Tomcat initialized with port 8080 (http)
2026-09-07 23:30:09.802 [restartedMain] INFO  o.a.catalina.core.StandardService -
                Starting service [Tomcat]
2026-09-07 23:30:09.802 [restartedMain] INFO  o.a.catalina.core.StandardEngine -
                Starting Servlet engine: [Apache Tomcat/10.1.28]
2026-09-07 23:30:09.845 [restartedMain] INFO  o.a.c.c.C.[Tomcat].[localhost].[/] -
                Initializing Spring embedded WebApplicationContext
2026-09-07 23:30:09.845 [restartedMain] INFO  o.s.b.w.s.c.ServletWebServerApplicationContext -
                Root WebApplicationContext: initialization completed in 1246 ms
2026-09-07 23:30:09.878 [restartedMain] DEBUG c.s.s.configs.SecurityFilter -
                Filter 'securityFilter' configured for use
2026-09-07 23:30:09.945 [restartedMain] INFO  o.h.jpa.internal.util.LogHelper -
                HHH000204: Processing PersistenceUnitInfo [name: default]
2026-09-07 23:30:09.996 [restartedMain] INFO  org.hibernate.Version -
                HHH000412: Hibernate ORM core version 6.5.2.Final
2026-09-07 23:30:10.024 [restartedMain] INFO  o.h.c.i.RegionFactoryInitiator -
                HHH000026: Second-level cache disabled
2026-09-07 23:30:10.093 [restartedMain] INFO  o.h.e.b.internal.EnversServiceImpl -
                Envers integration enabled? : true
2026-09-07 23:30:10.240 [restartedMain] INFO  o.s.o.j.p.SpringPersistenceUnitInfo -
                No LoadTimeWeaver setup: ignoring JPA class transformer
2026-09-07 23:30:10.263 [restartedMain] INFO  com.zaxxer.hikari.HikariDataSource -
                HikariPool-1 - Starting...
2026-09-07 23:30:10.386 [restartedMain] INFO  com.zaxxer.hikari.pool.HikariPool -
                HikariPool-1 - Added connection org.postgresql.jdbc.PgConnection@3bea4624
2026-09-07 23:30:10.387 [restartedMain] INFO  com.zaxxer.hikari.HikariDataSource -
                HikariPool-1 - Start completed.
2026-09-07 23:30:10.412 [restartedMain] WARN  org.hibernate.orm.deprecation -
                HHH90000025: PostgreSQLDialect does not need to be specified explicitly using 'hibernate.dialect' (remove the property setting and it will be selected by default)
2026-09-07 23:30:10.626 [restartedMain] INFO  o.h.e.c.i.m.AuditMetadataGenerator -
                Adding properties for entity: com.springAlura.springAlura.domain.model.Plataforma
2026-09-07 23:30:10.628 [restartedMain] INFO  o.h.e.c.i.m.AuditMetadataGenerator -
                Adding properties for entity: com.springAlura.springAlura.domain.model.Categoria
2026-09-07 23:30:10.628 [restartedMain] INFO  o.h.e.c.i.m.AuditMetadataGenerator -
                Adding properties for entity: com.springAlura.springAlura.domain.model.Usuario
2026-09-07 23:30:10.628 [restartedMain] INFO  o.h.e.c.i.m.AuditMetadataGenerator -
                Adding properties for entity: com.springAlura.springAlura.domain.model.Serie
2026-09-07 23:30:10.628 [restartedMain] INFO  o.h.e.c.i.m.AuditMetadataGenerator -
                Adding properties for entity: com.springAlura.springAlura.domain.model.Streaming
2026-09-07 23:30:11.317 [restartedMain] INFO  o.h.e.t.j.p.i.JtaPlatformInitiator -
                HHH000489: No JTA platform available (set 'hibernate.transaction.jta.platform' to enable JTA platform integration)
2026-09-07 23:30:11.510 [restartedMain] INFO  o.s.o.j.LocalContainerEntityManagerFactoryBean -
                Initialized JPA EntityManagerFactory for persistence unit 'default'
2026-09-07 23:30:11.735 [restartedMain] INFO  o.s.s.c.a.a.c.InitializeUserDetailsBeanManagerConfigurer$InitializeUserDetailsManagerConfigurer -
                Global AuthenticationManager configured with UserDetailsService bean with name authConfig
2026-09-07 23:30:11.797 [restartedMain] INFO  o.s.d.j.r.query.QueryEnhancerFactory -
                Hibernate is in classpath; If applicable, HQL parser will be used.
2026-09-07 23:30:12.072 [restartedMain] WARN  o.s.b.a.o.j.JpaBaseConfiguration$JpaWebConfiguration -
                spring.jpa.open-in-view is enabled by default. Therefore, database queries may be performed during view rendering. Explicitly configure spring.jpa.open-in-view to disable this warning
2026-09-07 23:30:12.248 [restartedMain] WARN  o.s.s.c.a.web.builders.WebSecurity -
                You are asking Spring Security to ignore Deferred [Mvc [pattern='/v3/api-docs/**'], Ant [pattern='/v3/api-docs/**']]. This is not recommended -- please use permitAll via HttpSecurity#authorizeHttpRequests instead.
2026-09-07 23:30:12.248 [restartedMain] WARN  o.s.s.c.a.web.builders.WebSecurity -
                You are asking Spring Security to ignore Deferred [Mvc [pattern='/swagger-ui/**'], Ant [pattern='/swagger-ui/**']]. This is not recommended -- please use permitAll via HttpSecurity#authorizeHttpRequests instead.
2026-09-07 23:30:12.248 [restartedMain] WARN  o.s.s.c.a.web.builders.WebSecurity -
                You are asking Spring Security to ignore Deferred [Mvc [pattern='/swagger-ui.html'], Ant [pattern='/swagger-ui.html']]. This is not recommended -- please use permitAll via HttpSecurity#authorizeHttpRequests instead.
2026-09-07 23:30:12.248 [restartedMain] WARN  o.s.s.c.a.web.builders.WebSecurity -
                You are asking Spring Security to ignore Deferred [Mvc [pattern='/favicon.ico'], Ant [pattern='/favicon.ico']]. This is not recommended -- please use permitAll via HttpSecurity#authorizeHttpRequests instead.
2026-09-07 23:30:12.437 [restartedMain] INFO  o.s.b.d.a.OptionalLiveReloadServer -
                LiveReload server is running on port 35729
2026-09-07 23:30:12.467 [restartedMain] INFO  o.s.b.w.e.tomcat.TomcatWebServer -
                Tomcat started on port 8080 (http) with context path '/'
2026-09-07 23:30:12.474 [restartedMain] INFO  c.s.s.SpringAluraApplication -
                Started SpringAluraApplication in 4.295 seconds (process running for 4.671)
2026-09-07 23:30:15.618 [http-nio-8080-exec-1] INFO  o.a.c.c.C.[Tomcat].[localhost].[/] -
                Initializing Spring DispatcherServlet 'dispatcherServlet'
2026-09-07 23:30:15.618 [http-nio-8080-exec-1] INFO  o.s.web.servlet.DispatcherServlet -
                Initializing Servlet 'dispatcherServlet'
2026-09-07 23:30:15.618 [http-nio-8080-exec-1] INFO  o.s.web.servlet.DispatcherServlet -
                Completed initialization in 0 ms
2026-09-07 23:30:16.230 [http-nio-8080-exec-4] INFO  o.s.api.AbstractOpenApiResource -
                Init duration for springdoc-openapi is: 430 ms
2026-09-07 23:30:35.096 [http-nio-8080-exec-5] INFO  c.s.s.api.controller.SerieController -
                Recebida a requisição GET para listar Séries
2026-09-07 23:30:35.096 [http-nio-8080-exec-5] DEBUG c.s.s.domain.service.SerieService -
                Acessando o repositório para buscar as séries ordenadas por ID.
2026-09-07 23:30:35.192 [http-nio-8080-exec-5] INFO  c.s.s.domain.service.SerieService -
                Busca de séries finalizada. Total de registros encontrados: 43
2026-09-07 23:30:44.600 [http-nio-8080-exec-6] INFO  c.s.s.api.controller.SerieController -
                Recebida a requsição POST para cadastrar uma série
2026-09-07 23:30:44.608 [http-nio-8080-exec-6] DEBUG c.s.s.domain.service.SerieService -
                Iniciando processo para salvar a serie: 'Breaking Bad'
2026-09-07 23:30:44.610 [http-nio-8080-exec-6] DEBUG c.s.s.domain.service.SerieService -
                Validando a existência da categoria com ID: 1
2026-09-07 23:30:44.665 [http-nio-8080-exec-6] INFO  c.s.s.domain.service.SerieService -
                Série 'Breaking Bad' salva com sucesso! ID gerado no banco: 44
2026-09-07 23:32:02.183 [SpringApplicationShutdownHook] INFO  o.s.o.j.LocalContainerEntityManagerFactoryBean -
                Closing JPA EntityManagerFactory for persistence unit 'default'
2026-09-07 23:32:02.185 [SpringApplicationShutdownHook] INFO  com.zaxxer.hikari.HikariDataSource -
                HikariPool-1 - Shutdown initiated...
2026-09-07 23:32:02.187 [SpringApplicationShutdownHook] INFO  com.zaxxer.hikari.HikariDataSource -
                HikariPool-1 - Shutdown completed.
2026-09-07 23:32:05.466 [restartedMain] INFO  c.s.s.SpringAluraApplication -
                Starting SpringAluraApplication using Java 17.0.20 with PID 11776 (D:\Projetos\springAlura\target\classes started by Javan in D:\Projetos\springAlura)
2026-09-07 23:32:05.467 [restartedMain] DEBUG c.s.s.SpringAluraApplication -
                Running with Spring Boot v3.3.3, Spring v6.1.12
2026-09-07 23:32:05.468 [restartedMain] INFO  c.s.s.SpringAluraApplication -
                No active profile set, falling back to 1 default profile: "default"
2026-09-07 23:32:05.507 [restartedMain] INFO  o.s.b.d.e.DevToolsPropertyDefaultsPostProcessor -
                Devtools property defaults active! Set 'spring.devtools.add-properties' to 'false' to disable
2026-09-07 23:32:05.507 [restartedMain] INFO  o.s.b.d.e.DevToolsPropertyDefaultsPostProcessor -
                For additional web related logging consider setting the 'logging.level.web' property to 'DEBUG'
2026-09-07 23:32:06.179 [restartedMain] INFO  o.s.d.r.c.RepositoryConfigurationDelegate -
                Bootstrapping Spring Data JPA repositories in DEFAULT mode.
2026-09-07 23:32:06.232 [restartedMain] INFO  o.s.d.r.c.RepositoryConfigurationDelegate -
                Finished Spring Data repository scanning in 47 ms. Found 5 JPA repository interfaces.
2026-09-07 23:32:06.726 [restartedMain] INFO  o.s.b.w.e.tomcat.TomcatWebServer -
                Tomcat initialized with port 8080 (http)
2026-09-07 23:32:06.737 [restartedMain] INFO  o.a.catalina.core.StandardService -
                Starting service [Tomcat]
2026-09-07 23:32:06.738 [restartedMain] INFO  o.a.catalina.core.StandardEngine -
                Starting Servlet engine: [Apache Tomcat/10.1.28]
2026-09-07 23:32:06.833 [restartedMain] INFO  o.a.c.c.C.[Tomcat].[localhost].[/] -
                Initializing Spring embedded WebApplicationContext
2026-09-07 23:32:06.833 [restartedMain] INFO  o.s.b.w.s.c.ServletWebServerApplicationContext -
                Root WebApplicationContext: initialization completed in 1325 ms
2026-09-07 23:32:06.869 [restartedMain] DEBUG c.s.s.configs.SecurityFilter -
                Filter 'securityFilter' configured for use
2026-09-07 23:32:06.947 [restartedMain] INFO  o.h.jpa.internal.util.LogHelper -
                HHH000204: Processing PersistenceUnitInfo [name: default]
2026-09-07 23:32:07.003 [restartedMain] INFO  org.hibernate.Version -
                HHH000412: Hibernate ORM core version 6.5.2.Final
2026-09-07 23:32:07.029 [restartedMain] INFO  o.h.c.i.RegionFactoryInitiator -
                HHH000026: Second-level cache disabled
2026-09-07 23:32:07.092 [restartedMain] INFO  o.h.e.b.internal.EnversServiceImpl -
                Envers integration enabled? : true
2026-09-07 23:32:07.242 [restartedMain] INFO  o.s.o.j.p.SpringPersistenceUnitInfo -
                No LoadTimeWeaver setup: ignoring JPA class transformer
2026-09-07 23:32:07.262 [restartedMain] INFO  com.zaxxer.hikari.HikariDataSource -
                HikariPool-1 - Starting...
2026-09-07 23:32:07.389 [restartedMain] INFO  com.zaxxer.hikari.pool.HikariPool -
                HikariPool-1 - Added connection org.postgresql.jdbc.PgConnection@2f84fbaa
2026-09-07 23:32:07.390 [restartedMain] INFO  com.zaxxer.hikari.HikariDataSource -
                HikariPool-1 - Start completed.
2026-09-07 23:32:07.416 [restartedMain] WARN  org.hibernate.orm.deprecation -
                HHH90000025: PostgreSQLDialect does not need to be specified explicitly using 'hibernate.dialect' (remove the property setting and it will be selected by default)
2026-09-07 23:32:07.635 [restartedMain] INFO  o.h.e.c.i.m.AuditMetadataGenerator -
                Adding properties for entity: com.springAlura.springAlura.domain.model.Plataforma
2026-09-07 23:32:07.637 [restartedMain] INFO  o.h.e.c.i.m.AuditMetadataGenerator -
                Adding properties for entity: com.springAlura.springAlura.domain.model.Categoria
2026-09-07 23:32:07.637 [restartedMain] INFO  o.h.e.c.i.m.AuditMetadataGenerator -
                Adding properties for entity: com.springAlura.springAlura.domain.model.Usuario
2026-09-07 23:32:07.638 [restartedMain] INFO  o.h.e.c.i.m.AuditMetadataGenerator -
                Adding properties for entity: com.springAlura.springAlura.domain.model.Serie
2026-09-07 23:32:07.638 [restartedMain] INFO  o.h.e.c.i.m.AuditMetadataGenerator -
                Adding properties for entity: com.springAlura.springAlura.domain.model.Streaming
2026-09-07 23:32:08.364 [restartedMain] INFO  o.h.e.t.j.p.i.JtaPlatformInitiator -
                HHH000489: No JTA platform available (set 'hibernate.transaction.jta.platform' to enable JTA platform integration)
2026-09-07 23:32:08.519 [restartedMain] INFO  o.s.o.j.LocalContainerEntityManagerFactoryBean -
                Initialized JPA EntityManagerFactory for persistence unit 'default'
2026-09-07 23:32:08.753 [restartedMain] INFO  o.s.s.c.a.a.c.InitializeUserDetailsBeanManagerConfigurer$InitializeUserDetailsManagerConfigurer -
                Global AuthenticationManager configured with UserDetailsService bean with name authConfig
2026-09-07 23:32:08.818 [restartedMain] INFO  o.s.d.j.r.query.QueryEnhancerFactory -
                Hibernate is in classpath; If applicable, HQL parser will be used.
2026-09-07 23:32:09.102 [restartedMain] WARN  o.s.b.a.o.j.JpaBaseConfiguration$JpaWebConfiguration -
                spring.jpa.open-in-view is enabled by default. Therefore, database queries may be performed during view rendering. Explicitly configure spring.jpa.open-in-view to disable this warning
2026-09-07 23:32:09.277 [restartedMain] WARN  o.s.s.c.a.web.builders.WebSecurity -
                You are asking Spring Security to ignore Deferred [Mvc [pattern='/v3/api-docs/**'], Ant [pattern='/v3/api-docs/**']]. This is not recommended -- please use permitAll via HttpSecurity#authorizeHttpRequests instead.
2026-09-07 23:32:09.277 [restartedMain] WARN  o.s.s.c.a.web.builders.WebSecurity -
                You are asking Spring Security to ignore Deferred [Mvc [pattern='/swagger-ui/**'], Ant [pattern='/swagger-ui/**']]. This is not recommended -- please use permitAll via HttpSecurity#authorizeHttpRequests instead.
2026-09-07 23:32:09.277 [restartedMain] WARN  o.s.s.c.a.web.builders.WebSecurity -
                You are asking Spring Security to ignore Deferred [Mvc [pattern='/swagger-ui.html'], Ant [pattern='/swagger-ui.html']]. This is not recommended -- please use permitAll via HttpSecurity#authorizeHttpRequests instead.
2026-09-07 23:32:09.278 [restartedMain] WARN  o.s.s.c.a.web.builders.WebSecurity -
                You are asking Spring Security to ignore Deferred [Mvc [pattern='/favicon.ico'], Ant [pattern='/favicon.ico']]. This is not recommended -- please use permitAll via HttpSecurity#authorizeHttpRequests instead.
2026-09-07 23:32:09.478 [restartedMain] INFO  o.s.b.d.a.OptionalLiveReloadServer -
                LiveReload server is running on port 35729
2026-09-07 23:32:09.503 [restartedMain] INFO  o.s.b.w.e.tomcat.TomcatWebServer -
                Tomcat started on port 8080 (http) with context path '/'
2026-09-07 23:32:09.511 [restartedMain] INFO  c.s.s.SpringAluraApplication -
                Started SpringAluraApplication in 4.431 seconds (process running for 4.801)
2026-09-07 23:32:15.149 [http-nio-8080-exec-1] INFO  o.a.c.c.C.[Tomcat].[localhost].[/] -
                Initializing Spring DispatcherServlet 'dispatcherServlet'
2026-09-07 23:32:15.149 [http-nio-8080-exec-1] INFO  o.s.web.servlet.DispatcherServlet -
                Initializing Servlet 'dispatcherServlet'
2026-09-07 23:32:15.151 [http-nio-8080-exec-1] INFO  o.s.web.servlet.DispatcherServlet -
                Completed initialization in 2 ms
2026-09-07 23:32:15.319 [http-nio-8080-exec-1] INFO  c.s.s.api.controller.SerieController -
                Recebida a requsição POST para cadastrar uma série
2026-09-07 23:32:15.382 [http-nio-8080-exec-1] DEBUG c.s.s.domain.service.SerieService -
                Iniciando processo para salvar a serie: 'Breaking Bad'
2026-09-07 23:32:15.382 [http-nio-8080-exec-1] DEBUG c.s.s.domain.service.SerieService -
                Validando a existência da categoria com ID: 1
2026-09-07 23:32:15.468 [http-nio-8080-exec-1] ERROR o.a.c.c.C.[.[.[.[dispatcherServlet] -
                Servlet.service() for servlet [dispatcherServlet] in context with path [] threw exception [Request processing failed: java.lang.ClassCastException: Cannot cast java.lang.String to java.time.LocalDateTime] with root cause
java.lang.ClassCastException: Cannot cast java.lang.String to java.time.LocalDateTime
	at java.base/java.lang.Class.cast(Class.java:3892)
	at com.springAlura.springAlura.domain.model.Serie_Accessor_2hv25s.setProperty(Unknown Source)
	at org.springframework.data.mapping.model.InstantiationAwarePropertyAccessor.setProperty(InstantiationAwarePropertyAccessor.java:80)
	at org.springframework.data.mapping.model.SimplePersistentPropertyPathAccessor.setProperty(SimplePersistentPropertyPathAccessor.java:108)
	at org.springframework.data.mapping.model.SimplePersistentPropertyPathAccessor.setProperty(SimplePersistentPropertyPathAccessor.java:127)
	at org.springframework.data.auditing.MappingAuditableBeanWrapperFactory$MappingMetadataAuditableBeanWrapper.lambda$setProperty$0(MappingAuditableBeanWrapperFactory.java:232)
	at java.base/java.lang.Iterable.forEach(Iterable.java:75)
	at org.springframework.data.auditing.MappingAuditableBeanWrapperFactory$MappingMetadataAuditableBeanWrapper.setProperty(MappingAuditableBeanWrapperFactory.java:232)
	at org.springframework.data.auditing.MappingAuditableBeanWrapperFactory$MappingMetadataAuditableBeanWrapper.setLastModifiedBy(MappingAuditableBeanWrapperFactory.java:207)
	at org.springframework.data.auditing.AuditingHandlerSupport.touchAuditor(AuditingHandlerSupport.java:173)
	at org.springframework.data.auditing.AuditingHandlerSupport.lambda$touch$0(AuditingHandlerSupport.java:136)
	at java.base/java.util.Optional.map(Optional.java:260)
	at org.springframework.data.auditing.AuditingHandlerSupport.touch(AuditingHandlerSupport.java:134)
	at org.springframework.data.auditing.AuditingHandlerSupport.markCreated(AuditingHandlerSupport.java:114)
	at org.springframework.data.auditing.AuditingHandler.markCreated(AuditingHandler.java:86)
	at org.springframework.data.jpa.domain.support.AuditingEntityListener.touchForCreate(AuditingEntityListener.java:92)
	at java.base/jdk.internal.reflect.NativeMethodAccessorImpl.invoke0(Native Method)
	at java.base/jdk.internal.reflect.NativeMethodAccessorImpl.invoke(NativeMethodAccessorImpl.java:77)
	at java.base/jdk.internal.reflect.DelegatingMethodAccessorImpl.invoke(DelegatingMethodAccessorImpl.java:43)
	at java.base/java.lang.reflect.Method.invoke(Method.java:569)
	at org.hibernate.jpa.event.internal.ListenerCallback.performCallback(ListenerCallback.java:55)
	at org.hibernate.jpa.event.internal.CallbackRegistryImpl.callback(CallbackRegistryImpl.java:123)
	at org.hibernate.jpa.event.internal.CallbackRegistryImpl.preCreate(CallbackRegistryImpl.java:72)
	at org.hibernate.event.internal.AbstractSaveEventListener.performSave(AbstractSaveEventListener.java:199)
	at org.hibernate.event.internal.AbstractSaveEventListener.saveWithGeneratedId(AbstractSaveEventListener.java:137)
	at org.hibernate.event.internal.DefaultPersistEventListener.entityIsTransient(DefaultPersistEventListener.java:175)
	at org.hibernate.event.internal.DefaultPersistEventListener.persist(DefaultPersistEventListener.java:93)
	at org.hibernate.event.internal.DefaultPersistEventListener.onPersist(DefaultPersistEventListener.java:77)
	at org.hibernate.event.internal.DefaultPersistEventListener.onPersist(DefaultPersistEventListener.java:54)
	at org.hibernate.event.service.internal.EventListenerGroupImpl.fireEventOnEachListener(EventListenerGroupImpl.java:127)
	at org.hibernate.internal.SessionImpl.firePersist(SessionImpl.java:757)
	at org.hibernate.internal.SessionImpl.persist(SessionImpl.java:741)
	at java.base/jdk.internal.reflect.NativeMethodAccessorImpl.invoke0(Native Method)
	at java.base/jdk.internal.reflect.NativeMethodAccessorImpl.invoke(NativeMethodAccessorImpl.java:77)
	at java.base/jdk.internal.reflect.DelegatingMethodAccessorImpl.invoke(DelegatingMethodAccessorImpl.java:43)
	at java.base/java.lang.reflect.Method.invoke(Method.java:569)
	at org.springframework.orm.jpa.ExtendedEntityManagerCreator$ExtendedEntityManagerInvocationHandler.invoke(ExtendedEntityManagerCreator.java:364)
	at jdk.proxy4/jdk.proxy4.$Proxy169.persist(Unknown Source)
	at java.base/jdk.internal.reflect.NativeMethodAccessorImpl.invoke0(Native Method)
	at java.base/jdk.internal.reflect.NativeMethodAccessorImpl.invoke(NativeMethodAccessorImpl.java:77)
	at java.base/jdk.internal.reflect.DelegatingMethodAccessorImpl.invoke(DelegatingMethodAccessorImpl.java:43)
	at java.base/java.lang.reflect.Method.invoke(Method.java:569)
	at org.springframework.orm.jpa.SharedEntityManagerCreator$SharedEntityManagerInvocationHandler.invoke(SharedEntityManagerCreator.java:319)
	at jdk.proxy4/jdk.proxy4.$Proxy169.persist(Unknown Source)
	at org.springframework.data.jpa.repository.support.SimpleJpaRepository.save(SimpleJpaRepository.java:625)
	at java.base/jdk.internal.reflect.NativeMethodAccessorImpl.invoke0(Native Method)
	at java.base/jdk.internal.reflect.NativeMethodAccessorImpl.invoke(NativeMethodAccessorImpl.java:77)
	at java.base/jdk.internal.reflect.DelegatingMethodAccessorImpl.invoke(DelegatingMethodAccessorImpl.java:43)
	at java.base/java.lang.reflect.Method.invoke(Method.java:569)
	at org.springframework.aop.support.AopUtils.invokeJoinpointUsingReflection(AopUtils.java:355)
	at org.springframework.data.repository.core.support.RepositoryMethodInvoker$RepositoryFragmentMethodInvoker.lambda$new$0(RepositoryMethodInvoker.java:277)
	at org.springframework.data.repository.core.support.RepositoryMethodInvoker.doInvoke(RepositoryMethodInvoker.java:170)
	at org.springframework.data.repository.core.support.RepositoryMethodInvoker.invoke(RepositoryMethodInvoker.java:158)
	at org.springframework.data.repository.core.support.RepositoryComposition$RepositoryFragments.invoke(RepositoryComposition.java:516)
	at org.springframework.data.repository.core.support.RepositoryComposition.invoke(RepositoryComposition.java:285)
	at org.springframework.data.repository.core.support.RepositoryFactorySupport$ImplementationMethodExecutionInterceptor.invoke(RepositoryFactorySupport.java:628)
	at org.springframework.aop.framework.ReflectiveMethodInvocation.proceed(ReflectiveMethodInvocation.java:184)
	at org.springframework.data.repository.core.support.QueryExecutorMethodInterceptor.doInvoke(QueryExecutorMethodInterceptor.java:173)
	at org.springframework.data.repository.core.support.QueryExecutorMethodInterceptor.invoke(QueryExecutorMethodInterceptor.java:148)
	at org.springframework.aop.framework.ReflectiveMethodInvocation.proceed(ReflectiveMethodInvocation.java:184)
	at org.springframework.data.projection.DefaultMethodInvokingMethodInterceptor.invoke(DefaultMethodInvokingMethodInterceptor.java:70)
	at org.springframework.aop.framework.ReflectiveMethodInvocation.proceed(ReflectiveMethodInvocation.java:184)
	at org.springframework.transaction.interceptor.TransactionAspectSupport.invokeWithinTransaction(TransactionAspectSupport.java:379)
	at org.springframework.transaction.interceptor.TransactionInterceptor.invoke(TransactionInterceptor.java:119)
	at org.springframework.aop.framework.ReflectiveMethodInvocation.proceed(ReflectiveMethodInvocation.java:184)
	at org.springframework.dao.support.PersistenceExceptionTranslationInterceptor.invoke(PersistenceExceptionTranslationInterceptor.java:138)
	at org.springframework.aop.framework.ReflectiveMethodInvocation.proceed(ReflectiveMethodInvocation.java:184)
	at org.springframework.data.jpa.repository.support.CrudMethodMetadataPostProcessor$CrudMethodMetadataPopulatingMethodInterceptor.invoke(CrudMethodMetadataPostProcessor.java:165)
	at org.springframework.aop.framework.ReflectiveMethodInvocation.proceed(ReflectiveMethodInvocation.java:184)
	at org.springframework.aop.interceptor.ExposeInvocationInterceptor.invoke(ExposeInvocationInterceptor.java:97)
	at org.springframework.aop.framework.ReflectiveMethodInvocation.proceed(ReflectiveMethodInvocation.java:184)
	at org.springframework.aop.framework.JdkDynamicAopProxy.invoke(JdkDynamicAopProxy.java:223)
	at jdk.proxy4/jdk.proxy4.$Proxy184.save(Unknown Source)
	at com.springAlura.springAlura.domain.service.SerieService.salvar(SerieService.java:151)
	at java.base/jdk.internal.reflect.NativeMethodAccessorImpl.invoke0(Native Method)
	at java.base/jdk.internal.reflect.NativeMethodAccessorImpl.invoke(NativeMethodAccessorImpl.java:77)
	at java.base/jdk.internal.reflect.DelegatingMethodAccessorImpl.invoke(DelegatingMethodAccessorImpl.java:43)
	at java.base/java.lang.reflect.Method.invoke(Method.java:569)
	at org.springframework.aop.support.AopUtils.invokeJoinpointUsingReflection(AopUtils.java:355)
	at org.springframework.aop.framework.ReflectiveMethodInvocation.invokeJoinpoint(ReflectiveMethodInvocation.java:196)
	at org.springframework.aop.framework.ReflectiveMethodInvocation.proceed(ReflectiveMethodInvocation.java:163)
	at org.springframework.aop.framework.CglibAopProxy$CglibMethodInvocation.proceed(CglibAopProxy.java:768)
	at org.springframework.transaction.interceptor.TransactionAspectSupport.invokeWithinTransaction(TransactionAspectSupport.java:379)
	at org.springframework.transaction.interceptor.TransactionInterceptor.invoke(TransactionInterceptor.java:119)
	at org.springframework.aop.framework.ReflectiveMethodInvocation.proceed(ReflectiveMethodInvocation.java:184)
	at org.springframework.aop.framework.CglibAopProxy$CglibMethodInvocation.proceed(CglibAopProxy.java:768)
	at org.springframework.aop.framework.CglibAopProxy$DynamicAdvisedInterceptor.intercept(CglibAopProxy.java:720)
	at com.springAlura.springAlura.domain.service.SerieService$$SpringCGLIB$$0.salvar(<generated>)
	at com.springAlura.springAlura.api.controller.SerieController.salvar(SerieController.java:79)
	at java.base/jdk.internal.reflect.NativeMethodAccessorImpl.invoke0(Native Method)
	at java.base/jdk.internal.reflect.NativeMethodAccessorImpl.invoke(NativeMethodAccessorImpl.java:77)
	at java.base/jdk.internal.reflect.DelegatingMethodAccessorImpl.invoke(DelegatingMethodAccessorImpl.java:43)
	at java.base/java.lang.reflect.Method.invoke(Method.java:569)
	at org.springframework.web.method.support.InvocableHandlerMethod.doInvoke(InvocableHandlerMethod.java:255)
	at org.springframework.web.method.support.InvocableHandlerMethod.invokeForRequest(InvocableHandlerMethod.java:188)
	at org.springframework.web.servlet.mvc.method.annotation.ServletInvocableHandlerMethod.invokeAndHandle(ServletInvocableHandlerMethod.java:118)
	at org.springframework.web.servlet.mvc.method.annotation.RequestMappingHandlerAdapter.invokeHandlerMethod(RequestMappingHandlerAdapter.java:926)
	at org.springframework.web.servlet.mvc.method.annotation.RequestMappingHandlerAdapter.handleInternal(RequestMappingHandlerAdapter.java:831)
	at org.springframework.web.servlet.mvc.method.AbstractHandlerMethodAdapter.handle(AbstractHandlerMethodAdapter.java:87)
	at org.springframework.web.servlet.DispatcherServlet.doDispatch(DispatcherServlet.java:1089)
	at org.springframework.web.servlet.DispatcherServlet.doService(DispatcherServlet.java:979)
	at org.springframework.web.servlet.FrameworkServlet.processRequest(FrameworkServlet.java:1014)
	at org.springframework.web.servlet.FrameworkServlet.doPost(FrameworkServlet.java:914)
	at jakarta.servlet.http.HttpServlet.service(HttpServlet.java:590)
	at org.springframework.web.servlet.FrameworkServlet.service(FrameworkServlet.java:885)
	at jakarta.servlet.http.HttpServlet.service(HttpServlet.java:658)
	at org.apache.catalina.core.ApplicationFilterChain.internalDoFilter(ApplicationFilterChain.java:195)
	at org.apache.catalina.core.ApplicationFilterChain.doFilter(ApplicationFilterChain.java:140)
	at org.apache.tomcat.websocket.server.WsFilter.doFilter(WsFilter.java:51)
	at org.apache.catalina.core.ApplicationFilterChain.internalDoFilter(ApplicationFilterChain.java:164)
	at org.apache.catalina.core.ApplicationFilterChain.doFilter(ApplicationFilterChain.java:140)
	at org.springframework.web.filter.OncePerRequestFilter.doFilter(OncePerRequestFilter.java:110)
	at org.apache.catalina.core.ApplicationFilterChain.internalDoFilter(ApplicationFilterChain.java:164)
	at org.apache.catalina.core.ApplicationFilterChain.doFilter(ApplicationFilterChain.java:140)
	at org.springframework.web.filter.CompositeFilter$VirtualFilterChain.doFilter(CompositeFilter.java:108)
	at org.springframework.security.web.FilterChainProxy.lambda$doFilterInternal$3(FilterChainProxy.java:231)
	at org.springframework.security.web.FilterChainProxy$VirtualFilterChain.doFilter(FilterChainProxy.java:365)
	at org.springframework.security.web.access.intercept.AuthorizationFilter.doFilter(AuthorizationFilter.java:100)
	at org.springframework.security.web.FilterChainProxy$VirtualFilterChain.doFilter(FilterChainProxy.java:374)
	at org.springframework.security.web.access.ExceptionTranslationFilter.doFilter(ExceptionTranslationFilter.java:126)
	at org.springframework.security.web.access.ExceptionTranslationFilter.doFilter(ExceptionTranslationFilter.java:120)
	at org.springframework.security.web.FilterChainProxy$VirtualFilterChain.doFilter(FilterChainProxy.java:374)
	at org.springframework.security.web.session.SessionManagementFilter.doFilter(SessionManagementFilter.java:131)
	at org.springframework.security.web.session.SessionManagementFilter.doFilter(SessionManagementFilter.java:85)
	at org.springframework.security.web.FilterChainProxy$VirtualFilterChain.doFilter(FilterChainProxy.java:374)
	at org.springframework.security.web.authentication.AnonymousAuthenticationFilter.doFilter(AnonymousAuthenticationFilter.java:100)
	at org.springframework.security.web.FilterChainProxy$VirtualFilterChain.doFilter(FilterChainProxy.java:374)
	at org.springframework.security.web.servletapi.SecurityContextHolderAwareRequestFilter.doFilter(SecurityContextHolderAwareRequestFilter.java:179)
	at org.springframework.security.web.FilterChainProxy$VirtualFilterChain.doFilter(FilterChainProxy.java:374)
	at org.springframework.security.web.savedrequest.RequestCacheAwareFilter.doFilter(RequestCacheAwareFilter.java:63)
	at org.springframework.security.web.FilterChainProxy$VirtualFilterChain.doFilter(FilterChainProxy.java:374)
	at com.springAlura.springAlura.configs.SecurityFilter.doFilterInternal(SecurityFilter.java:39)
	at org.springframework.web.filter.OncePerRequestFilter.doFilter(OncePerRequestFilter.java:116)
	at org.springframework.security.web.FilterChainProxy$VirtualFilterChain.doFilter(FilterChainProxy.java:374)
	at org.springframework.security.web.authentication.logout.LogoutFilter.doFilter(LogoutFilter.java:107)
	at org.springframework.security.web.authentication.logout.LogoutFilter.doFilter(LogoutFilter.java:93)
	at org.springframework.security.web.FilterChainProxy$VirtualFilterChain.doFilter(FilterChainProxy.java:374)
	at org.springframework.web.filter.OncePerRequestFilter.doFilter(OncePerRequestFilter.java:110)
	at org.springframework.security.web.FilterChainProxy$VirtualFilterChain.doFilter(FilterChainProxy.java:374)
	at org.springframework.web.filter.CorsFilter.doFilterInternal(CorsFilter.java:91)
	at org.springframework.web.filter.OncePerRequestFilter.doFilter(OncePerRequestFilter.java:116)
	at org.springframework.security.web.FilterChainProxy$VirtualFilterChain.doFilter(FilterChainProxy.java:374)
	at org.springframework.security.web.header.HeaderWriterFilter.doHeadersAfter(HeaderWriterFilter.java:90)
	at org.springframework.security.web.header.HeaderWriterFilter.doFilterInternal(HeaderWriterFilter.java:75)
	at org.springframework.web.filter.OncePerRequestFilter.doFilter(OncePerRequestFilter.java:116)
	at org.springframework.security.web.FilterChainProxy$VirtualFilterChain.doFilter(FilterChainProxy.java:374)
	at org.springframework.security.web.context.SecurityContextHolderFilter.doFilter(SecurityContextHolderFilter.java:82)
	at org.springframework.security.web.context.SecurityContextHolderFilter.doFilter(SecurityContextHolderFilter.java:69)
	at org.springframework.security.web.FilterChainProxy$VirtualFilterChain.doFilter(FilterChainProxy.java:374)
	at org.springframework.security.web.context.request.async.WebAsyncManagerIntegrationFilter.doFilterInternal(WebAsyncManagerIntegrationFilter.java:62)
	at org.springframework.web.filter.OncePerRequestFilter.doFilter(OncePerRequestFilter.java:116)
	at org.springframework.security.web.FilterChainProxy$VirtualFilterChain.doFilter(FilterChainProxy.java:374)
	at org.springframework.security.web.session.DisableEncodeUrlFilter.doFilterInternal(DisableEncodeUrlFilter.java:42)
	at org.springframework.web.filter.OncePerRequestFilter.doFilter(OncePerRequestFilter.java:116)
	at org.springframework.security.web.FilterChainProxy$VirtualFilterChain.doFilter(FilterChainProxy.java:374)
	at org.springframework.security.web.FilterChainProxy.doFilterInternal(FilterChainProxy.java:233)
	at org.springframework.security.web.FilterChainProxy.doFilter(FilterChainProxy.java:191)
	at org.springframework.web.filter.CompositeFilter$VirtualFilterChain.doFilter(CompositeFilter.java:113)
	at org.springframework.web.servlet.handler.HandlerMappingIntrospector.lambda$createCacheFilter$3(HandlerMappingIntrospector.java:195)
	at org.springframework.web.filter.CompositeFilter$VirtualFilterChain.doFilter(CompositeFilter.java:113)
	at org.springframework.web.filter.CompositeFilter.doFilter(CompositeFilter.java:74)
	at org.springframework.security.config.annotation.web.configuration.WebMvcSecurityConfiguration$CompositeFilterChainProxy.doFilter(WebMvcSecurityConfiguration.java:230)
	at org.springframework.web.filter.DelegatingFilterProxy.invokeDelegate(DelegatingFilterProxy.java:352)
	at org.springframework.web.filter.DelegatingFilterProxy.doFilter(DelegatingFilterProxy.java:268)
	at org.apache.catalina.core.ApplicationFilterChain.internalDoFilter(ApplicationFilterChain.java:164)
	at org.apache.catalina.core.ApplicationFilterChain.doFilter(ApplicationFilterChain.java:140)
	at org.springframework.web.filter.RequestContextFilter.doFilterInternal(RequestContextFilter.java:100)
	at org.springframework.web.filter.OncePerRequestFilter.doFilter(OncePerRequestFilter.java:116)
	at org.apache.catalina.core.ApplicationFilterChain.internalDoFilter(ApplicationFilterChain.java:164)
	at org.apache.catalina.core.ApplicationFilterChain.doFilter(ApplicationFilterChain.java:140)
	at org.springframework.web.filter.FormContentFilter.doFilterInternal(FormContentFilter.java:93)
	at org.springframework.web.filter.OncePerRequestFilter.doFilter(OncePerRequestFilter.java:116)
	at org.apache.catalina.core.ApplicationFilterChain.internalDoFilter(ApplicationFilterChain.java:164)
	at org.apache.catalina.core.ApplicationFilterChain.doFilter(ApplicationFilterChain.java:140)
	at org.springframework.web.filter.CharacterEncodingFilter.doFilterInternal(CharacterEncodingFilter.java:201)
	at org.springframework.web.filter.OncePerRequestFilter.doFilter(OncePerRequestFilter.java:116)
	at org.apache.catalina.core.ApplicationFilterChain.internalDoFilter(ApplicationFilterChain.java:164)
	at org.apache.catalina.core.ApplicationFilterChain.doFilter(ApplicationFilterChain.java:140)
	at org.apache.catalina.core.StandardWrapperValve.invoke(StandardWrapperValve.java:167)
	at org.apache.catalina.core.StandardContextValve.invoke(StandardContextValve.java:90)
	at org.apache.catalina.authenticator.AuthenticatorBase.invoke(AuthenticatorBase.java:483)
	at org.apache.catalina.core.StandardHostValve.invoke(StandardHostValve.java:115)
	at org.apache.catalina.valves.ErrorReportValve.invoke(ErrorReportValve.java:93)
	at org.apache.catalina.core.StandardEngineValve.invoke(StandardEngineValve.java:74)
	at org.apache.catalina.connector.CoyoteAdapter.service(CoyoteAdapter.java:344)
	at org.apache.coyote.http11.Http11Processor.service(Http11Processor.java:384)
	at org.apache.coyote.AbstractProcessorLight.process(AbstractProcessorLight.java:63)
	at org.apache.coyote.AbstractProtocol$ConnectionHandler.process(AbstractProtocol.java:904)
	at org.apache.tomcat.util.net.NioEndpoint$SocketProcessor.doRun(NioEndpoint.java:1741)
	at org.apache.tomcat.util.net.SocketProcessorBase.run(SocketProcessorBase.java:52)
	at org.apache.tomcat.util.threads.ThreadPoolExecutor.runWorker(ThreadPoolExecutor.java:1190)
	at org.apache.tomcat.util.threads.ThreadPoolExecutor$Worker.run(ThreadPoolExecutor.java:659)
	at org.apache.tomcat.util.threads.TaskThread$WrappingRunnable.run(TaskThread.java:63)
	at java.base/java.lang.Thread.run(Thread.java:840)
2026-09-07 23:32:50.438 [http-nio-8080-exec-2] INFO  c.s.s.api.controller.SerieController -
                Recebida a requisição GET para listar Séries
2026-09-07 23:32:50.438 [http-nio-8080-exec-2] DEBUG c.s.s.domain.service.SerieService -
                Acessando o repositório para buscar as séries ordenadas por ID.
2026-09-07 23:32:50.501 [http-nio-8080-exec-2] INFO  c.s.s.domain.service.SerieService -
                Busca de séries finalizada. Total de registros encontrados: 44
2026-09-07 23:32:57.966 [http-nio-8080-exec-3] INFO  c.s.s.api.controller.SerieController -
                Recebida a requsição PUT para atualizar uma série
2026-09-07 23:32:57.970 [http-nio-8080-exec-3] DEBUG c.s.s.domain.service.SerieService -
                Iniciando processo para atualização do recurso da Série 'Breaking Bad' de ID: 1
2026-09-07 23:32:57.970 [http-nio-8080-exec-3] DEBUG c.s.s.domain.service.SerieService -
                Iniciando a busca para o ID:1
2026-09-07 23:32:57.972 [http-nio-8080-exec-3] INFO  c.s.s.domain.service.SerieService -
                Série 'Breaking Bad' atualizada com sucesso!
2026-09-07 23:32:57.972 [http-nio-8080-exec-3] DEBUG c.s.s.domain.service.SerieService -
                Iniciando processo para salvar a serie: 'Breaking Bad'
2026-09-07 23:32:57.972 [http-nio-8080-exec-3] DEBUG c.s.s.domain.service.SerieService -
                Validando a existência da categoria com ID: 1
2026-09-07 23:32:57.976 [http-nio-8080-exec-3] INFO  c.s.s.domain.service.SerieService -
                Série 'Breaking Bad' salva com sucesso! ID gerado no banco: 1
2026-09-07 23:32:57.979 [http-nio-8080-exec-3] ERROR o.a.c.c.C.[.[.[.[dispatcherServlet] -
                Servlet.service() for servlet [dispatcherServlet] in context with path [] threw exception [Request processing failed: org.springframework.transaction.TransactionSystemException: Could not commit JPA transaction] with root cause
java.lang.ClassCastException: Cannot cast java.lang.String to java.time.LocalDateTime
	at java.base/java.lang.Class.cast(Class.java:3892)
	at com.springAlura.springAlura.domain.model.Serie_Accessor_2hv25s.setProperty(Unknown Source)
	at org.springframework.data.mapping.model.InstantiationAwarePropertyAccessor.setProperty(InstantiationAwarePropertyAccessor.java:80)
	at org.springframework.data.mapping.model.SimplePersistentPropertyPathAccessor.setProperty(SimplePersistentPropertyPathAccessor.java:108)
	at org.springframework.data.mapping.model.SimplePersistentPropertyPathAccessor.setProperty(SimplePersistentPropertyPathAccessor.java:127)
	at org.springframework.data.auditing.MappingAuditableBeanWrapperFactory$MappingMetadataAuditableBeanWrapper.lambda$setProperty$0(MappingAuditableBeanWrapperFactory.java:232)
	at java.base/java.lang.Iterable.forEach(Iterable.java:75)
	at org.springframework.data.auditing.MappingAuditableBeanWrapperFactory$MappingMetadataAuditableBeanWrapper.setProperty(MappingAuditableBeanWrapperFactory.java:232)
	at org.springframework.data.auditing.MappingAuditableBeanWrapperFactory$MappingMetadataAuditableBeanWrapper.setLastModifiedBy(MappingAuditableBeanWrapperFactory.java:207)
	at org.springframework.data.auditing.AuditingHandlerSupport.touchAuditor(AuditingHandlerSupport.java:173)
	at org.springframework.data.auditing.AuditingHandlerSupport.lambda$touch$0(AuditingHandlerSupport.java:136)
	at java.base/java.util.Optional.map(Optional.java:260)
	at org.springframework.data.auditing.AuditingHandlerSupport.touch(AuditingHandlerSupport.java:134)
	at org.springframework.data.auditing.AuditingHandlerSupport.markModified(AuditingHandlerSupport.java:127)
	at org.springframework.data.auditing.AuditingHandler.markModified(AuditingHandler.java:98)
	at org.springframework.data.jpa.domain.support.AuditingEntityListener.touchForUpdate(AuditingEntityListener.java:112)
	at java.base/jdk.internal.reflect.NativeMethodAccessorImpl.invoke0(Native Method)
	at java.base/jdk.internal.reflect.NativeMethodAccessorImpl.invoke(NativeMethodAccessorImpl.java:77)
	at java.base/jdk.internal.reflect.DelegatingMethodAccessorImpl.invoke(DelegatingMethodAccessorImpl.java:43)
	at java.base/java.lang.reflect.Method.invoke(Method.java:569)
	at org.hibernate.jpa.event.internal.ListenerCallback.performCallback(ListenerCallback.java:55)
	at org.hibernate.jpa.event.internal.CallbackRegistryImpl.callback(CallbackRegistryImpl.java:123)
	at org.hibernate.jpa.event.internal.CallbackRegistryImpl.preUpdate(CallbackRegistryImpl.java:86)
	at org.hibernate.event.internal.DefaultFlushEntityEventListener.invokeInterceptor(DefaultFlushEntityEventListener.java:354)
	at org.hibernate.event.internal.DefaultFlushEntityEventListener.handleInterception(DefaultFlushEntityEventListener.java:335)
	at org.hibernate.event.internal.DefaultFlushEntityEventListener.scheduleUpdate(DefaultFlushEntityEventListener.java:252)
	at org.hibernate.event.internal.DefaultFlushEntityEventListener.onFlushEntity(DefaultFlushEntityEventListener.java:150)
	at org.hibernate.event.service.internal.EventListenerGroupImpl.fireEventOnEachListener(EventListenerGroupImpl.java:127)
	at org.hibernate.event.internal.AbstractFlushingEventListener.flushEntities(AbstractFlushingEventListener.java:234)
	at org.hibernate.event.internal.AbstractFlushingEventListener.flushEverythingToExecutions(AbstractFlushingEventListener.java:85)
	at org.hibernate.event.internal.AbstractFlushingEventListener.flushEverythingToExecutions(AbstractFlushingEventListener.java:79)
	at org.hibernate.event.internal.DefaultFlushEventListener.onFlush(DefaultFlushEventListener.java:40)
	at org.hibernate.event.service.internal.EventListenerGroupImpl.fireEventOnEachListener(EventListenerGroupImpl.java:127)
	at org.hibernate.internal.SessionImpl.doFlush(SessionImpl.java:1425)
	at org.hibernate.internal.SessionImpl.managedFlush(SessionImpl.java:487)
	at org.hibernate.internal.SessionImpl.flushBeforeTransactionCompletion(SessionImpl.java:2324)
	at org.hibernate.internal.SessionImpl.beforeTransactionCompletion(SessionImpl.java:1981)
	at org.hibernate.engine.jdbc.internal.JdbcCoordinatorImpl.beforeTransactionCompletion(JdbcCoordinatorImpl.java:439)
	at org.hibernate.resource.transaction.backend.jdbc.internal.JdbcResourceLocalTransactionCoordinatorImpl.beforeCompletionCallback(JdbcResourceLocalTransactionCoordinatorImpl.java:169)
	at org.hibernate.resource.transaction.backend.jdbc.internal.JdbcResourceLocalTransactionCoordinatorImpl$TransactionDriverControlImpl.commit(JdbcResourceLocalTransactionCoordinatorImpl.java:267)
	at org.hibernate.engine.transaction.internal.TransactionImpl.commit(TransactionImpl.java:101)
	at org.springframework.orm.jpa.JpaTransactionManager.doCommit(JpaTransactionManager.java:562)
	at org.springframework.transaction.support.AbstractPlatformTransactionManager.processCommit(AbstractPlatformTransactionManager.java:795)
	at org.springframework.transaction.support.AbstractPlatformTransactionManager.commit(AbstractPlatformTransactionManager.java:758)
	at org.springframework.transaction.interceptor.TransactionAspectSupport.commitTransactionAfterReturning(TransactionAspectSupport.java:663)
	at org.springframework.transaction.interceptor.TransactionAspectSupport.invokeWithinTransaction(TransactionAspectSupport.java:413)
	at org.springframework.transaction.interceptor.TransactionInterceptor.invoke(TransactionInterceptor.java:119)
	at org.springframework.aop.framework.ReflectiveMethodInvocation.proceed(ReflectiveMethodInvocation.java:184)
	at org.springframework.aop.framework.CglibAopProxy$CglibMethodInvocation.proceed(CglibAopProxy.java:768)
	at org.springframework.aop.framework.CglibAopProxy$DynamicAdvisedInterceptor.intercept(CglibAopProxy.java:720)
	at com.springAlura.springAlura.domain.service.SerieService$$SpringCGLIB$$0.atualizar(<generated>)
	at com.springAlura.springAlura.api.controller.SerieController.atualizar(SerieController.java:89)
	at java.base/jdk.internal.reflect.NativeMethodAccessorImpl.invoke0(Native Method)
	at java.base/jdk.internal.reflect.NativeMethodAccessorImpl.invoke(NativeMethodAccessorImpl.java:77)
	at java.base/jdk.internal.reflect.DelegatingMethodAccessorImpl.invoke(DelegatingMethodAccessorImpl.java:43)
	at java.base/java.lang.reflect.Method.invoke(Method.java:569)
	at org.springframework.web.method.support.InvocableHandlerMethod.doInvoke(InvocableHandlerMethod.java:255)
	at org.springframework.web.method.support.InvocableHandlerMethod.invokeForRequest(InvocableHandlerMethod.java:188)
	at org.springframework.web.servlet.mvc.method.annotation.ServletInvocableHandlerMethod.invokeAndHandle(ServletInvocableHandlerMethod.java:118)
	at org.springframework.web.servlet.mvc.method.annotation.RequestMappingHandlerAdapter.invokeHandlerMethod(RequestMappingHandlerAdapter.java:926)
	at org.springframework.web.servlet.mvc.method.annotation.RequestMappingHandlerAdapter.handleInternal(RequestMappingHandlerAdapter.java:831)
	at org.springframework.web.servlet.mvc.method.AbstractHandlerMethodAdapter.handle(AbstractHandlerMethodAdapter.java:87)
	at org.springframework.web.servlet.DispatcherServlet.doDispatch(DispatcherServlet.java:1089)
	at org.springframework.web.servlet.DispatcherServlet.doService(DispatcherServlet.java:979)
	at org.springframework.web.servlet.FrameworkServlet.processRequest(FrameworkServlet.java:1014)
	at org.springframework.web.servlet.FrameworkServlet.doPut(FrameworkServlet.java:925)
	at jakarta.servlet.http.HttpServlet.service(HttpServlet.java:593)
	at org.springframework.web.servlet.FrameworkServlet.service(FrameworkServlet.java:885)
	at jakarta.servlet.http.HttpServlet.service(HttpServlet.java:658)
	at org.apache.catalina.core.ApplicationFilterChain.internalDoFilter(ApplicationFilterChain.java:195)
	at org.apache.catalina.core.ApplicationFilterChain.doFilter(ApplicationFilterChain.java:140)
	at org.apache.tomcat.websocket.server.WsFilter.doFilter(WsFilter.java:51)
	at org.apache.catalina.core.ApplicationFilterChain.internalDoFilter(ApplicationFilterChain.java:164)
	at org.apache.catalina.core.ApplicationFilterChain.doFilter(ApplicationFilterChain.java:140)
	at org.springframework.web.filter.OncePerRequestFilter.doFilter(OncePerRequestFilter.java:110)
	at org.apache.catalina.core.ApplicationFilterChain.internalDoFilter(ApplicationFilterChain.java:164)
	at org.apache.catalina.core.ApplicationFilterChain.doFilter(ApplicationFilterChain.java:140)
	at org.springframework.web.filter.CompositeFilter$VirtualFilterChain.doFilter(CompositeFilter.java:108)
	at org.springframework.security.web.FilterChainProxy.lambda$doFilterInternal$3(FilterChainProxy.java:231)
	at org.springframework.security.web.FilterChainProxy$VirtualFilterChain.doFilter(FilterChainProxy.java:365)
	at org.springframework.security.web.access.intercept.AuthorizationFilter.doFilter(AuthorizationFilter.java:100)
	at org.springframework.security.web.FilterChainProxy$VirtualFilterChain.doFilter(FilterChainProxy.java:374)
	at org.springframework.security.web.access.ExceptionTranslationFilter.doFilter(ExceptionTranslationFilter.java:126)
	at org.springframework.security.web.access.ExceptionTranslationFilter.doFilter(ExceptionTranslationFilter.java:120)
	at org.springframework.security.web.FilterChainProxy$VirtualFilterChain.doFilter(FilterChainProxy.java:374)
	at org.springframework.security.web.session.SessionManagementFilter.doFilter(SessionManagementFilter.java:131)
	at org.springframework.security.web.session.SessionManagementFilter.doFilter(SessionManagementFilter.java:85)
	at org.springframework.security.web.FilterChainProxy$VirtualFilterChain.doFilter(FilterChainProxy.java:374)
	at org.springframework.security.web.authentication.AnonymousAuthenticationFilter.doFilter(AnonymousAuthenticationFilter.java:100)
	at org.springframework.security.web.FilterChainProxy$VirtualFilterChain.doFilter(FilterChainProxy.java:374)
	at org.springframework.security.web.servletapi.SecurityContextHolderAwareRequestFilter.doFilter(SecurityContextHolderAwareRequestFilter.java:179)
	at org.springframework.security.web.FilterChainProxy$VirtualFilterChain.doFilter(FilterChainProxy.java:374)
	at org.springframework.security.web.savedrequest.RequestCacheAwareFilter.doFilter(RequestCacheAwareFilter.java:63)
	at org.springframework.security.web.FilterChainProxy$VirtualFilterChain.doFilter(FilterChainProxy.java:374)
	at com.springAlura.springAlura.configs.SecurityFilter.doFilterInternal(SecurityFilter.java:39)
	at org.springframework.web.filter.OncePerRequestFilter.doFilter(OncePerRequestFilter.java:116)
	at org.springframework.security.web.FilterChainProxy$VirtualFilterChain.doFilter(FilterChainProxy.java:374)
	at org.springframework.security.web.authentication.logout.LogoutFilter.doFilter(LogoutFilter.java:107)
	at org.springframework.security.web.authentication.logout.LogoutFilter.doFilter(LogoutFilter.java:93)
	at org.springframework.security.web.FilterChainProxy$VirtualFilterChain.doFilter(FilterChainProxy.java:374)
	at org.springframework.web.filter.OncePerRequestFilter.doFilter(OncePerRequestFilter.java:110)
	at org.springframework.security.web.FilterChainProxy$VirtualFilterChain.doFilter(FilterChainProxy.java:374)
	at org.springframework.web.filter.CorsFilter.doFilterInternal(CorsFilter.java:91)
	at org.springframework.web.filter.OncePerRequestFilter.doFilter(OncePerRequestFilter.java:116)
	at org.springframework.security.web.FilterChainProxy$VirtualFilterChain.doFilter(FilterChainProxy.java:374)
	at org.springframework.security.web.header.HeaderWriterFilter.doHeadersAfter(HeaderWriterFilter.java:90)
	at org.springframework.security.web.header.HeaderWriterFilter.doFilterInternal(HeaderWriterFilter.java:75)
	at org.springframework.web.filter.OncePerRequestFilter.doFilter(OncePerRequestFilter.java:116)
	at org.springframework.security.web.FilterChainProxy$VirtualFilterChain.doFilter(FilterChainProxy.java:374)
	at org.springframework.security.web.context.SecurityContextHolderFilter.doFilter(SecurityContextHolderFilter.java:82)
	at org.springframework.security.web.context.SecurityContextHolderFilter.doFilter(SecurityContextHolderFilter.java:69)
	at org.springframework.security.web.FilterChainProxy$VirtualFilterChain.doFilter(FilterChainProxy.java:374)
	at org.springframework.security.web.context.request.async.WebAsyncManagerIntegrationFilter.doFilterInternal(WebAsyncManagerIntegrationFilter.java:62)
	at org.springframework.web.filter.OncePerRequestFilter.doFilter(OncePerRequestFilter.java:116)
	at org.springframework.security.web.FilterChainProxy$VirtualFilterChain.doFilter(FilterChainProxy.java:374)
	at org.springframework.security.web.session.DisableEncodeUrlFilter.doFilterInternal(DisableEncodeUrlFilter.java:42)
	at org.springframework.web.filter.OncePerRequestFilter.doFilter(OncePerRequestFilter.java:116)
	at org.springframework.security.web.FilterChainProxy$VirtualFilterChain.doFilter(FilterChainProxy.java:374)
	at org.springframework.security.web.FilterChainProxy.doFilterInternal(FilterChainProxy.java:233)
	at org.springframework.security.web.FilterChainProxy.doFilter(FilterChainProxy.java:191)
	at org.springframework.web.filter.CompositeFilter$VirtualFilterChain.doFilter(CompositeFilter.java:113)
	at org.springframework.web.servlet.handler.HandlerMappingIntrospector.lambda$createCacheFilter$3(HandlerMappingIntrospector.java:195)
	at org.springframework.web.filter.CompositeFilter$VirtualFilterChain.doFilter(CompositeFilter.java:113)
	at org.springframework.web.filter.CompositeFilter.doFilter(CompositeFilter.java:74)
	at org.springframework.security.config.annotation.web.configuration.WebMvcSecurityConfiguration$CompositeFilterChainProxy.doFilter(WebMvcSecurityConfiguration.java:230)
	at org.springframework.web.filter.DelegatingFilterProxy.invokeDelegate(DelegatingFilterProxy.java:352)
	at org.springframework.web.filter.DelegatingFilterProxy.doFilter(DelegatingFilterProxy.java:268)
	at org.apache.catalina.core.ApplicationFilterChain.internalDoFilter(ApplicationFilterChain.java:164)
	at org.apache.catalina.core.ApplicationFilterChain.doFilter(ApplicationFilterChain.java:140)
	at org.springframework.web.filter.RequestContextFilter.doFilterInternal(RequestContextFilter.java:100)
	at org.springframework.web.filter.OncePerRequestFilter.doFilter(OncePerRequestFilter.java:116)
	at org.apache.catalina.core.ApplicationFilterChain.internalDoFilter(ApplicationFilterChain.java:164)
	at org.apache.catalina.core.ApplicationFilterChain.doFilter(ApplicationFilterChain.java:140)
	at org.springframework.web.filter.FormContentFilter.doFilterInternal(FormContentFilter.java:93)
	at org.springframework.web.filter.OncePerRequestFilter.doFilter(OncePerRequestFilter.java:116)
	at org.apache.catalina.core.ApplicationFilterChain.internalDoFilter(ApplicationFilterChain.java:164)
	at org.apache.catalina.core.ApplicationFilterChain.doFilter(ApplicationFilterChain.java:140)
	at org.springframework.web.filter.CharacterEncodingFilter.doFilterInternal(CharacterEncodingFilter.java:201)
	at org.springframework.web.filter.OncePerRequestFilter.doFilter(OncePerRequestFilter.java:116)
	at org.apache.catalina.core.ApplicationFilterChain.internalDoFilter(ApplicationFilterChain.java:164)
	at org.apache.catalina.core.ApplicationFilterChain.doFilter(ApplicationFilterChain.java:140)
	at org.apache.catalina.core.StandardWrapperValve.invoke(StandardWrapperValve.java:167)
	at org.apache.catalina.core.StandardContextValve.invoke(StandardContextValve.java:90)
	at org.apache.catalina.authenticator.AuthenticatorBase.invoke(AuthenticatorBase.java:483)
	at org.apache.catalina.core.StandardHostValve.invoke(StandardHostValve.java:115)
	at org.apache.catalina.valves.ErrorReportValve.invoke(ErrorReportValve.java:93)
	at org.apache.catalina.core.StandardEngineValve.invoke(StandardEngineValve.java:74)
	at org.apache.catalina.connector.CoyoteAdapter.service(CoyoteAdapter.java:344)
	at org.apache.coyote.http11.Http11Processor.service(Http11Processor.java:384)
	at org.apache.coyote.AbstractProcessorLight.process(AbstractProcessorLight.java:63)
	at org.apache.coyote.AbstractProtocol$ConnectionHandler.process(AbstractProtocol.java:904)
	at org.apache.tomcat.util.net.NioEndpoint$SocketProcessor.doRun(NioEndpoint.java:1741)
	at org.apache.tomcat.util.net.SocketProcessorBase.run(SocketProcessorBase.java:52)
	at org.apache.tomcat.util.threads.ThreadPoolExecutor.runWorker(ThreadPoolExecutor.java:1190)
	at org.apache.tomcat.util.threads.ThreadPoolExecutor$Worker.run(ThreadPoolExecutor.java:659)
	at org.apache.tomcat.util.threads.TaskThread$WrappingRunnable.run(TaskThread.java:63)
	at java.base/java.lang.Thread.run(Thread.java:840)
2026-09-07 23:37:43.648 [SpringApplicationShutdownHook] INFO  o.s.o.j.LocalContainerEntityManagerFactoryBean -
                Closing JPA EntityManagerFactory for persistence unit 'default'
2026-09-07 23:37:43.651 [SpringApplicationShutdownHook] INFO  com.zaxxer.hikari.HikariDataSource -
                HikariPool-1 - Shutdown initiated...
2026-09-07 23:37:43.652 [SpringApplicationShutdownHook] INFO  com.zaxxer.hikari.HikariDataSource -
                HikariPool-1 - Shutdown completed.
